1,com
2,net
3,googleapis.com
4,org
5,io
6,cn
7,co
8,ms
9,tv
10,me
11,vn
12,goog
13,us
14,s3.amazonaws.com
15,jp
16,sg
17,elb.amazonaws.com
18,gov
19,cc
20,com.cn
21,cloudapp.net
22,com.vn
23,info
24,ca
25,google
26,uk
27,eu
28,xyz
29,co.uk
30,us-east-1.amazonaws.com
31,ru
32,im
33,fi
34,online
35,link
36,cloud
37,asia
38,in
39,map.fastly.net
40,mobi
41,ph
42,id
43,it
44,de
45,app
46,azurewebsites.net
47,kr
48,my
49,news
50,gg
51,to
52,ai
53,st
54,site
55,com.my
56,org.cn
57,co.kr
58,appspot.com
59,com.ph
60,biz
61,nl
62,tech
63,co.id
64,th
65,co.jp
66,club
67,hk
68,pl
69,be
70,top
71,edu
72,tw
73,ly
74,co.th
75,at
76,video
77,fr
78,com.hk
79,global.ssl.fastly.net
80,network
81,au
82,co.in
83,edu.cn
84,pw
85,com.au
86,com.sg
87,com.tw
88,githubusercontent.com
89,pro
90,support
91,media
92,blogspot.com
93,s3-us-west-2.amazonaws.com
94,se
95,live
96,fm
97,es
98,house
99,br
100,sh
101,s3.dualstack.ap-southeast-1.amazonaws.com
102,com.br
103,icu
104,ch
105,cloudfunctions.net
106,mil
107,s3-ap-southeast-1.amazonaws.com
108,arpa
109,ne.jp
110,tumblr.com
111,market
112,elasticbeanstalk.com
113,gl
114,nz
115,software
116,github.io
117,mx
118,tk
119,name
120,net.id
121,herokuapp.com
122,am
123,pk
124,co.nz
125,la
126,dev
127,in.th
128,jobs
129,vip
130,ws
131,is
132,tr
133,s3-eu-west-1.amazonaws.com
134,space
135,ae
136,co.za
137,com.tr
138,gov.cn
139,apple
140,ie
141,rsc.cdn77.org
142,dk
143,com.mx
144,casa
145,com.pk
146,net.vn
147,ua
148,email
149,systems
150,fun
151,zone
152,qa
153,cz
154,gt
155,ro
156,pt
157,sk
158,no
159,cam
160,dyndns.org
161,re
162,click
163,gr
164,lt
165,li
166,services
167,ir
168,plus
169,ar
170,us-east-1.elasticbeanstalk.com
171,com.ua
172,s3-us-west-1.amazonaws.com
173,com.qa
174,bid
175,onion
176,fastlylb.net
177,go.id
178,so
179,si
180,pe
181,hu
182,gov.my
183,ac
184,bd
185,s3.us-east-2.amazonaws.com
186,com.ar
187,gle
188,host
189,today
190,cl
191,ac.id
192,us-west-2.elasticbeanstalk.com
193,net.cn
194,gov.vn
195,money
196,lu
197,su
198,withgoogle.com
199,lk
200,life
201,ee
202,one
203,digital
204,firebaseapp.com
205,stream
206,go.th
207,best
208,map.fastlylb.net
209,ga
210,win
211,games
212,edu.vn
213,or.us
214,solutions
215,bz
216,gov.hk
217,ml
218,sa
219,tools
220,ac.th
221,watch
222,bg
223,gov.in
224,apps.fbsbx.com
225,gov.br
226,website
227,ac.uk
228,work
229,gov.sg
230,sc
231,by
232,pub
233,chat
234,world
235,gc.ca
236,shop
237,il
238,ddns.net
239,s3.ap-south-1.amazonaws.com
240,hn
241,xxx
242,org.uk
243,bc.ca
244,page
245,gov.ph
246,trade
247,gov.tw
248,biz.id
249,co.il
250,net.uk
251,vc
252,net.au
253,s3-ap-northeast-1.amazonaws.com
254,bnpparibas
255,eu.org
256,rocks
257,int
258,cf
259,global
260,store
261,bradesco
262,meet
263,s3.eu-central-1.amazonaws.com
264,go.kr
265,or.th
266,ad
267,or.jp
268,aws
269,nu
270,googlecode.com
271,al
272,rs
273,moe
274,cx
275,events
276,kz
277,edu.hk
278,buzz
279,com.sa
280,ec
281,lv
282,or.kr
283,np
284,as
285,k12.or.us
286,ninja
287,org.vn
288,com.co
289,studio
290,hr
291,do
292,edu.au
293,pm
294,ap-northeast-2.elasticbeanstalk.com
295,works
296,codes
297,chrome
298,ma
299,edu.tw
300,ng
301,net.in
302,tc
303,ovh
304,edu.sg
305,elb.amazonaws.com.cn
306,s3.ca-central-1.amazonaws.com
307,cm
308,s3.ap-northeast-2.amazonaws.com
309,delivery
310,mm
311,wf
312,sb
313,web.id
314,com.pe
315,cat
316,kh
317,ltd
318,ke
319,red
320,blog
321,uno
322,press
323,ge
324,netlify.app
325,ag
326,edu.my
327,s3-external-1.amazonaws.com
328,pics
329,s3.cn-north-1.amazonaws.com.cn
330,ab.ca
331,duckdns.org
332,management
333,gov.au
334,bh
335,com.pl
336,mn
337,gq
338,md
339,freetls.fastly.net
340,org.au
341,om
342,bi
343,coop
344,eg
345,guru
346,co.ke
347,wtf
348,my.id
349,download
350,onl
351,uy
352,ki
353,wa.us
354,cr
355,edu.ph
356,uz
357,org.tw
358,ac.kr
359,cool
360,technology
361,ve
362,tl
363,frl
364,kw
365,py
366,tt
367,run
368,gs
369,desi
370,com.uy
371,wiki
372,center
373,com.ru
374,or.id
375,supply
376,group
377,eu-west-1.elasticbeanstalk.com
378,art
379,sch.id
380,tn
381,ink
382,gov.uk
383,ac.jp
384,ad.jp
385,party
386,monster
387,net.tw
388,com.py
389,az
390,zw
391,myqnapcloud.com
392,ac.in
393,com.bh
394,rip
395,co.zw
396,cash
397,photos
398,ca.us
399,com.eg
400,nic.in
401,bn
402,herokussl.com
403,ug
404,kg
405,homeip.net
406,net.co
407,ba
408,net.my
409,edu.pk
410,mg
411,gd
412,org.ru
413,game
414,gov.pk
415,go.jp
416,cy
417,men
418,org.in
419,wixsite.com
420,mu
421,ap-southeast-1.elasticbeanstalk.com
422,jo
423,net.br
424,us-east-2.elasticbeanstalk.com
425,af
426,mk
427,com.ec
428,bo
429,aero
430,s3-website-us-east-1.amazonaws.com
431,com.ng
432,movie
433,net.pk
434,cyou
435,team
436,com.kw
437,tz
438,school
439,bar
440,mv
441,org.ec
442,ci
443,mp
444,com.do
445,fyi
446,ac.cn
447,com.bn
448,spb.ru
449,ddns.me
450,gy
451,ps
452,design
453,kasserver.com
454,help
455,gob.mx
456,co.tz
457,s3-ap-southeast-2.amazonaws.com
458,sv
459,lb
460,gitlab.io
461,ne
462,com.cy
463,workers.dev
464,mo
465,pa
466,sinaapp.com
467,com.om
468,org.br
469,dz
470,web.app
471,tube
472,mt
473,s3-website-us-west-2.amazonaws.com
474,sn
475,cu
476,com.gt
477,rest
478,s3.dualstack.eu-west-1.amazonaws.com
479,org.hk
480,ni
481,k12.wa.us
482,s3.dualstack.us-east-1.amazonaws.com
483,tips
484,tj
485,mine.nu
486,com.bo
487,net.pl
488,org.sg
489,bs
490,co.cr
491,vin
492,edu.pl
493,cd
494,org.my
495,pantheonsite.io
496,com.ve
497,fit
498,agency
499,pg
500,iq
501,gh
502,on.ca
503,ao
504,travel
505,com.pa
506,applinzi.com
507,company
508,business
509,qc.ca
510,date
511,mz
512,bw
513,nf
514,us-west-1.elasticbeanstalk.com
515,com.sv
516,nhs.uk
517,s3.eu-west-2.amazonaws.com
518,community
519,r.appspot.com
520,vg
521,net.sg
522,com.mt
523,com.ni
524,tokyo
525,zm
526,dhl
527,pr
528,tf
529,sx
530,care
531,co.ug
532,kozow.com
533,net.tr
534,com.af
535,fj
536,na
537,gov.qa
538,net.nz
539,bank
540,dm
541,rw
542,army
543,com.lb
544,mn.us
545,readthedocs.io
546,ht
547,co.bw
548,guide
549,lpages.co
550,co.ao
551,sap
552,hopto.org
553,tm
554,uk.com
555,bt
556,edu.in
557,synology.me
558,a.ssl.fastly.net
559,bet
560,co.ve
561,co.mz
562,sh.cn
563,us.com
564,k12.ca.us
565,eu-central-1.elasticbeanstalk.com
566,net.mx
567,post
568,webcam
569,wang
570,com.gh
571,com.fj
572,re.kr
573,com.bz
574,jm
575,lol
576,beer
577,gm
578,ooo
579,net.ae
580,dj
581,lc
582,sk.ca
583,me.uk
584,com.gr
585,ap-northeast-1.elasticbeanstalk.com
586,new
587,org.za
588,sytes.net
589,vu
590,love
591,bf
592,org.ar
593,gov.ae
594,blogspot.co.id
595,now.sh
596,ntt
597,tj.cn
598,adv.br
599,bio
600,bj
601,net.ua
602,et
603,a.run.app
604,run.app
605,cv
606,org.nz
607,co.zm
608,mw
609,net.ar
610,cards
611,com.pt
612,gov.tr
613,gift
614,sm
615,social
616,caspio.com
617,dog
618,land
619,com.na
620,ls
621,promo
622,goip.de
623,in-addr.arpa
624,org.mx
625,com.es
626,health
627,no-ip.biz
628,city
629,s3-website.eu-central-1.amazonaws.com
630,ac.ir
631,ck
632,sl
633,style
634,altervista.org
635,s3-website-ap-southeast-1.amazonaws.com
636,exchange
637,org.pl
638,org.il
639,je
640,gov.ar
641,dattolocal.net
642,nyc
643,pn
644,co.at
645,sex
646,co.ma
647,show
648,ac.at
649,net.ph
650,com.pr
651,members.linode.com
652,no-ip.org
653,org.pk
654,gifts
655,lat
656,expert
657,ky
658,xn--p1ai
659,sr
660,ac.rs
661,gov.it
662,msk.ru
663,ind.br
664,sp.gov.br
665,audio
666,cg
667,edu.ar
668,zapto.org
669,edu.tr
670,gov.co
671,biz.vn
672,gi
673,gd.cn
674,com.vc
675,edu.mx
676,education
677,mb.ca
678,com.cu
679,vet
680,co.ls
681,net.il
682,vi
683,yt
684,edu.co
685,net.sa
686,porn
687,science
688,blue
689,nr
690,gdn
691,gob.ec
692,mi.th
693,asn.au
694,waw.pl
695,report
696,gov.sa
697,tg
698,sch.uk
699,zt.ua
700,london
701,rhcloud.com
702,edu.br
703,kim
704,gov.mo
705,bm
706,kicks-ass.net
707,limited
708,eus
709,academy
710,bingo
711,nc
712,uni5.net
713,co.rs
714,gob.pe
715,gp
716,org.ua
717,com.mk
718,org.tr
719,service.gov.uk
720,ac.nz
721,edu.sa
722,law
723,racing
724,com.et
725,onthewifi.com
726,com.ag
727,com.ly
728,futbol
729,idv.tw
730,com.ai
731,td
732,tx.us
733,africa
734,direct
735,in.ua
736,eng.br
737,inf.br
738,gouv.fr
739,s3-us-east-2.amazonaws.com
740,review
741,gov.za
742,gob.ar
743,pink
744,church
745,gov.pl
746,co.uz
747,vic.gov.au
748,govt.nz
749,tel
750,fo
751,gr.jp
752,we.bs
753,ac.za
754,remotewd.com
755,edu.pe
756,canon
757,gov.ru
758,js.org
759,sumy.ua
760,ind.in
761,bit
762,edu.it
763,wa.gov.au
764,domains
765,com.sb
766,kiev.ua
767,com.mo
768,fr.eu.org
769,crs
770,vercel.app
771,farm
772,com.jo
773,com.gi
774,ren
775,pictures
776,com.de
777,s3-website-eu-west-1.amazonaws.com
778,srv.br
779,ak.us
780,finance
781,co.vi
782,pr.gov.br
783,com.sl
784,express
785,com.tj
786,com.nf
787,mc
788,co.hu
789,ngrok.io
790,org.ph
791,bike
792,net.hk
793,com.tn
794,net.za
795,homelinux.net
796,tax
797,ads
798,fan
799,training
800,kinghost.net
801,auto
802,pp.ua
803,sy
804,go.ug
805,town
806,go.ke
807,ac.il
808,sbi
809,gov.ng
810,gov.lk
811,sd
812,c.cdn77.org
813,museum
814,ac.lk
815,s3-eu-central-1.amazonaws.com
816,ath.cx
817,s3-ca-central-1.amazonaws.com
818,ed.jp
819,rs.gov.br
820,com.mv
821,getmyip.com
822,kpmg
823,net.th
824,asso.fr
825,gob.ve
826,coffee
827,id.us
828,dyndns.biz
829,lg.jp
830,dynu.net
831,here
832,cab
833,edu.eg
834,mg.gov.br
835,info.pl
836,qld.gov.au
837,de.com
838,s3.eu-west-3.amazonaws.com
839,va
840,vic.edu.au
841,xin
842,poznan.pl
843,com.hn
844,psi.br
845,cafe
846,how
847,ac.be
848,edu.ec
849,jus.br
850,sale
851,net.ru
852,eu.com
853,net.pe
854,gov.gr
855,in.net
856,taipei
857,org.qa
858,bel.tr
859,sz
860,net.lb
861,s3-us-gov-west-1.amazonaws.com
862,blogspot.ca
863,goo
864,id.au
865,bb
866,scot
867,vegas
868,golf
869,surf
870,pf
871,careers
872,gov.ua
873,marketing
874,redirectme.net
875,wy.us
876,hosting
877,k12.mn.us
878,you
879,mi.us
880,uk.net
881,com.hr
882,com.ro
883,fl.us
884,ns.ca
885,school.nz
886,dp.ua
887,krakow.pl
888,partners
889,blogspot.in
890,gov.il
891,ist
892,szczecin.pl
893,co.us
894,gop.pk
895,s3-sa-east-1.amazonaws.com
896,cw
897,earth
898,biz.pl
899,glitch.me
900,realtor
901,ru.com
902,ax
903,org.eg
904,bzh
905,carrd.co
906,or.ke
907,nsw.edu.au
908,srl
909,blackbaudcdn.net
910,ha.cn
911,ltd.uk
912,dyndns.info
913,oh.us
914,res.in
915,dyndns.tv
916,gov.cy
917,blogspot.co.uk
918,org.co
919,platformsh.site
920,cnt.br
921,deals
922,edu.qa
923,gal
924,zj.cn
925,cn.com
926,mi.it
927,no-ip.info
928,gda.pl
929,mt.us
930,or.at
931,s3-ap-south-1.amazonaws.com
932,med.br
933,photo
934,s3-website-us-west-1.amazonaws.com
935,coop.br
936,gob.es
937,wa.edu.au
938,wine
939,loan
940,gov.af
941,opole.pl
942,ln.cn
943,pet
944,gv.at
945,hi.us
946,ut.us
947,org.pe
948,tv.br
949,dn.ua
950,gratis
951,garden
952,immo
953,js.cn
954,null
955,uberspace.de
956,wroc.pl
957,edu.ng
958,k12.wy.us
959,leadpages.co
960,sony
961,ga.us
962,gov.bn
963,gov.jo
964,inc
965,jp.net
966,myds.me
967,nico
968,ny.us
969,sexy
970,gob.do
971,il.us
972,vote
973,ac.cr
974,gmbh
975,com.la
976,gen.tr
977,box
978,edu.iq
979,hm
980,ks.ua
981,rodeo
982,zip
983,md.us
984,s3-website.ap-northeast-2.amazonaws.com
985,tur.br
986,yolasite.com
987,fish
988,gov.om
989,international
990,k12.tr
991,noip.me
992,org.rs
993,pa.us
994,zp.ua
995,com.al
996,family
997,gob.bo
998,rj.gov.br
999,ac.ke
1000,gov.eg
1001,sa.edu.au
1002,com.ge
1003,myvnc.com
1004,ac.ae
1005,arq.br
1006,ma.us
1007,co.ir
1008,engineering
1009,gov.mv
1010,to.it
1011,cloud.fedoraproject.org
1012,dance
1013,ia.us
1014,maori.nz
1015,ap-southeast-2.elasticbeanstalk.com
1016,ba.gov.br
1017,co.sz
1018,in.us
1019,org.sa
1020,wi.us
1021,azure-mobile.net
1022,or.tz
1023,glass
1024,gold
1025,menu
1026,art.br
1027,go.cr
1028,linodeobjects.com
1029,net.bn
1030,youtube
1031,mom
1032,agr.br
1033,edu.jo
1034,eti.br
1035,qld.edu.au
1036,sa.com
1037,za.net
1038,katowice.pl
1039,lublin.pl
1040,net.qa
1041,nj.us
1042,wroclaw.pl
1043,co.com
1044,vn.ua
1045,eco.br
1046,edu.uy
1047,film
1048,fitness
1049,giize.com
1050,mr
1051,co.it
1052,k12.mt.us
1053,kn
1054,net.mv
1055,poker
1056,sc.gov.br
1057,blogspot.tw
1058,radio
1059,blogspot.my
1060,green
1061,ye
1062,bloxcms.com
1063,edu.gt
1064,repl.co
1065,build
1066,nc.us
1067,webhop.net
1068,br.com
1069,eco
1070,gallery
1071,ddnsking.com
1072,fed.us
1073,km
1074,od.ua
1075,barcelona
1076,blogspot.com.es
1077,gob.gt
1078,gotdns.com
1079,name.vn
1080,notaires.fr
1081,bz.it
1082,blogspot.com.br
1083,com.lk
1084,demon.nl
1085,directory
1086,moscow
1087,pe.kr
1088,taxi
1089,global.prod.fastly.net
1090,gob.sv
1091,eu-west-2.elasticbeanstalk.com
1092,legal
1093,aw
1094,fans
1095,foundation
1096,vision
1097,gov.az
1098,markets
1099,net.ba
1100,net.do
1101,seek
1102,cn-north-1.eb.amazonaws.com.cn
1103,desa.id
1104,edu.rs
1105,energy
1106,gov.bh
1107,gov.mk
1108,ooguy.com
1109,photography
1110,plc.uk
1111,edu.lb
1112,gov.gh
1113,uol
1114,url.tw
1115,berlin
1116,pro.br
1117,va.us
1118,weather
1119,av.tr
1120,biz.ua
1121,blogspot.com.au
1122,edu.mo
1123,lviv.ua
1124,b.ssl.fastly.net
1125,blog.br
1126,co.tt
1127,k12.ut.us
1128,kiwi
1129,lr
1130,s3-ap-northeast-2.amazonaws.com
1131,s3-eu-west-2.amazonaws.com
1132,seat
1133,tuxfamily.org
1134,bs.it
1135,gx.cn
1136,k12.mi.us
1137,s3-website-ap-northeast-1.amazonaws.com
1138,sncf
1139,blogspot.fr
1140,camera
1141,go.gov.br
1142,myfritz.net
1143,net.ve
1144,nt.ca
1145,xn--io0a7i
1146,com.sh
1147,edu.om
1148,onrender.com
1149,paris
1150,restaurant
1151,solar
1152,vipsinaapp.com
1153,art.pl
1154,dating
1155,ddnsfree.com
1156,s3-website-ap-southeast-2.amazonaws.com
1157,hsbc
1158,koeln
1159,ms.gov.br
1160,org.af
1161,bydgoszcz.pl
1162,ca-central-1.elasticbeanstalk.com
1163,gov.kw
1164,gov.rs
1165,jpn.com
1166,ac.fj
1167,adm.br
1168,blogspot.de
1169,info.vn
1170,mil.id
1171,myftp.biz
1172,ngo
1173,pe.gov.br
1174,reviews
1175,gob.ni
1176,gub.uy
1177,uy.com
1178,bg.it
1179,dental
1180,edu.ua
1181,from-ks.com
1182,gov.ba
1183,gu
1184,keymachine.de
1185,olsztyn.pl
1186,org.ng
1187,oz.au
1188,re.it
1189,s3-website.us-east-2.amazonaws.com
1190,android
1191,gn
1192,go.tz
1193,gw
1194,net.mk
1195,rzeszow.pl
1196,fin.ec
1197,gob.hn
1198,iobb.net
1199,k12.in.us
1200,edu.lk
1201,fk
1202,gov.mn
1203,kp
1204,ok.us
1205,cbs
1206,fund
1207,gov.ir
1208,place
1209,zgora.pl
1210,black
1211,co.ro
1212,edu.do
1213,office
1214,pa.it
1215,sa.gov.au
1216,seoul.kr
1217,si.eu.org
1218,blogspot.jp
1219,gateway.dev
1220,mc.it
1221,mo.us
1222,net.rw
1223,servebbs.com
1224,swiss
1225,tickets
1226,us.org
1227,c66.me
1228,capital
1229,ski
1230,abbott
1231,bmw
1232,edu.bh
1233,edu.kw
1234,faith
1235,irish
1236,lg.ua
1237,myftp.org
1238,net.ma
1239,ru.net
1240,sharp
1241,yoga
1242,casino
1243,leg.br
1244,net.py
1245,s3.dualstack.ap-southeast-2.amazonaws.com
1246,sa.it
1247,tm.fr
1248,co.om
1249,fj.cn
1250,gov.py
1251,llc
1252,org.uy
1253,pizza
1254,clinic
1255,edu.gr
1256,edu.sv
1257,gov.pt
1258,k12.id.us
1259,aq
1260,blogspot.sg
1261,catholic.edu.au
1262,fashion
1263,muni.il
1264,na.it
1265,net.gt
1266,net.ni
1267,org.es
1268,spdns.org
1269,ce.gov.br
1270,consulting
1271,dvrdns.org
1272,gf
1273,net.tt
1274,web.tr
1275,ac.ru
1276,ca.it
1277,cisco
1278,discount
1279,dynv6.net
1280,er
1281,nrw
1282,pharmacy
1283,saxo
1284,serveftp.com
1285,yk.ca
1286,ac.ug
1287,bialystok.pl
1288,bot
1289,cci.fr
1290,dedyn.io
1291,dnsalias.net
1292,k12.wi.us
1293,boutique
1294,edu.bo
1295,edu.ru
1296,k12.oh.us
1297,odessa.ua
1298,debian.net
1299,edu.gh
1300,icbc
1301,net.ec
1302,rm.it
1303,tokyo.jp
1304,wien
1305,cq.cn
1306,edu.ve
1307,gob.pa
1308,to.gov.br
1309,com.ba
1310,dnsalias.com
1311,ge.it
1312,gov.ma
1313,institute
1314,ms.us
1315,pe.ca
1316,recipes
1317,servehttp.com
1318,bounceme.net
1319,edu.ee
1320,graphics
1321,k12.ok.us
1322,mywire.org
1323,ne.kr
1324,nm.us
1325,pd.it
1326,warszawa.pl
1327,amex
1328,gov.lb
1329,k12.fl.us
1330,org.sv
1331,bo.it
1332,bplaced.net
1333,diet
1334,gob.cl
1335,if.ua
1336,istanbul
1337,k12.va.us
1338,pp.ru
1339,pr.it
1340,realty
1341,tv.it
1342,university
1343,org.ve
1344,pl.ua
1345,s3-website-sa-east-1.amazonaws.com
1346,tours
1347,ui.nabu.casa
1348,alwaysdata.net
1349,car
1350,co.pl
1351,fox
1352,fr-1.paas.massivegrid.net
1353,gov.la
1354,hl.cn
1355,jl.cn
1356,mq
1357,nm.cn
1358,rent
1359,rentals
1360,total
1361,ac.tz
1362,band
1363,cn.it
1364,imb.br
1365,mil.br
1366,repl.run
1367,selfip.com
1368,coach
1369,edu.af
1370,edu.mn
1371,fedorapeople.org
1372,gov.do
1373,gov.sy
1374,healthcare
1375,mh
1376,net.ly
1377,poltava.ua
1378,servebeer.com
1379,3utilities.com
1380,czest.pl
1381,k12.ia.us
1382,k12.mo.us
1383,org.py
1384,rn.gov.br
1385,dreamhosters.com
1386,freedesktop.org
1387,kh.ua
1388,kommune.no
1389,net.fj
1390,productions
1391,radom.pl
1392,s3-website.eu-west-2.amazonaws.com
1393,supplies
1394,tn.it
1395,toscana.it
1396,ventures
1397,com.fr
1398,cv.ua
1399,fedorainfracloud.org
1400,gov.mz
1401,hitachi
1402,kitchen
1403,ma.gov.br
1404,off
1405,prod
1406,s3.dualstack.ap-northeast-1.amazonaws.com
1407,co.me
1408,co.ua
1409,edu.mk
1410,edu.za
1411,gleeze.com
1412,gliwice.pl
1413,gop
1414,net.eg
1415,next
1416,org.hn
1417,roma.it
1418,sklep.pl
1419,wmflabs.org
1420,ac.vn
1421,blogspot.gr
1422,blogspot.it
1423,blogspot.nl
1424,co.rw
1425,com.bt
1426,football
1427,gb.com
1428,gov.rw
1429,mo.it
1430,nb.ca
1431,org.gt
1432,pisz.pl
1433,yandexcloud.net
1434,es.gov.br
1435,k12.ga.us
1436,k12.pa.us
1437,molise.it
1438,org.mk
1439,servegame.com
1440,vr.it
1441,wales
1442,co.gy
1443,edu.ni
1444,fortal.br
1445,gov.lv
1446,haus
1447,manaus.br
1448,microsoft
1449,mus.br
1450,navy
1451,parts
1452,ss
1453,stargard.pl
1454,zagan.pl
1455,al.us
1456,amsterdam
1457,camp
1458,com.ps
1459,com.se
1460,edu.ba
1461,edu.sd
1462,gb
1463,gov.ge
1464,is.it
1465,le.it
1466,mb.it
1467,no-ip.net
1468,ss.it
1469,uz.ua
1470,vi.it
1471,aaa
1472,al.gov.br
1473,gent
1474,jgora.pl
1475,k12.co.us
1476,nd.us
1477,nerdpol.ovh
1478,nl.ca
1479,org.do
1480,org.lb
1481,serveirc.com
1482,theworkpc.com
1483,tur.ar
1484,us.platform.sh
1485,ar.us
1486,baidu
1487,compute.amazonaws.com
1488,etc.br
1489,freeddns.org
1490,gb.net
1491,gen.nz
1492,gotdns.ch
1493,k12.nc.us
1494,k12.ny.us
1495,med.sa
1496,nv.us
1497,org.bo
1498,org.zw
1499,pb.gov.br
1500,pro.vn
1501,sosnowiec.pl
1502,ac.cy
1503,auction
1504,co.nl
1505,edu.pt
1506,i234.me
1507,ks.us
1508,monash
1509,net.mt
1510,org.zm
1511,pv.it
1512,va.it
1513,ac.mz
1514,capetown
1515,cloudns.asia
1516,com.lr
1517,dyndns-server.com
1518,la.us
1519,lib.mn.us
1520,xn--fiqs8s
1521,adult
1522,cri.nz
1523,ct.it
1524,diskstation.me
1525,edu.es
1526,edu.lv
1527,edu.py
1528,familyds.com
1529,g12.br
1530,kharkov.ua
1531,km.ua
1532,krd
1533,or.ug
1534,org.mz
1535,org.sz
1536,audi
1537,blogspot.ru
1538,com.zm
1539,cs.it
1540,gov.gy
1541,gov.tt
1542,k12.ma.us
1543,lapy.pl
1544,miami
1545,mn.it
1546,nu.ca
1547,org.cy
1548,outsystemscloud.com
1549,police.uk
1550,sc.us
1551,tgory.pl
1552,zarow.pl
1553,ap-south-1.elasticbeanstalk.com
1554,awsmppl.com
1555,blogspot.mx
1556,edgeapp.net
1557,edu.pa
1558,gos.pk
1559,gov.kz
1560,gr.it
1561,horse
1562,insure
1563,k12.nj.us
1564,milano.it
1565,mk.ua
1566,org.mo
1567,repair
1568,sj
1569,star
1570,webhop.me
1571,biz.tr
1572,ce.it
1573,clothing
1574,club.tw
1575,com.am
1576,hospital
1577,mba
1578,moda
1579,sejny.pl
1580,toys
1581,ac.ma
1582,ba.it
1583,bayern
1584,co.ae
1585,fi.cr
1586,gdynia.pl
1587,gov.ie
1588,gov.iq
1589,hopto.me
1590,ong
1591,org.ls
1592,pg.it
1593,ras.ru
1594,com.gu
1595,fi.it
1596,gniezno.pl
1597,org.ir
1598,puglia.it
1599,rio.br
1600,sr.gov.pl
1601,sv.it
1602,ah.cn
1603,blogspot.kr
1604,campania.it
1605,chambagri.fr
1606,citic
1607,com.km
1608,edu.ge
1609,holiday
1610,k12.il.us
1611,ky.us
1612,lgbt
1613,me.it
1614,mil.ph
1615,myjino.ru
1616,osaka.jp
1617,pila.pl
1618,spb.su
1619,te.ua
1620,tp.it
1621,webredirect.org
1622,ag.it
1623,bv
1624,ceo
1625,cloudaccess.net
1626,ddnsgeek.com
1627,nh.us
1628,org.ma
1629,properties
1630,servemp3.com
1631,singles
1632,sr.it
1633,weir
1634,av.it
1635,bl.it
1636,blogspot.hk
1637,bn.it
1638,cr.it
1639,ed.cr
1640,edu.mv
1641,gouv.ci
1642,gov.sl
1643,hk.com
1644,homelinux.org
1645,nieruchomosci.pl
1646,ro.gov.br
1647,shoes
1648,sky
1649,sx.cn
1650,vt.us
1651,ac.zw
1652,cn.ua
1653,com.pf
1654,dattoweb.com
1655,elblag.pl
1656,elk.pl
1657,fail
1658,hamburg
1659,hk.org
1660,leclerc
1661,legnica.pl
1662,li.it
1663,med.pl
1664,okayama.jp
1665,or.it
1666,te.it
1667,toolforge.org
1668,tychy.pl
1669,web.lk
1670,64-b.it
1671,al.it
1672,brother
1673,dyndns.ws
1674,edu.az
1675,edu.bn
1676,gov.et
1677,gov.zm
1678,in.rs
1679,me.us
1680,net.gr
1681,padova.it
1682,rv.ua
1683,servecounterstrike.com
1684,slupsk.pl
1685,sydney
1686,za.org
1687,africa.com
1688,az.us
1689,blogspot.com.ar
1690,de.us
1691,financial
1692,gov.by
1693,gov.ps
1694,gov.ws
1695,hk.cn
1696,k12.sc.us
1697,kolobrzeg.pl
1698,lighting
1699,mil.cn
1700,nsupdate.info
1701,or.cr
1702,org.jo
1703,serveminecraft.net
1704,storage.yandexcloud.net
1705,tattoo
1706,ve.it
1707,vet.br
1708,vt.it
1709,withyoutube.com
1710,ar.it
1711,basketball
1712,com.vi
1713,en.it
1714,fastvps-server.com
1715,fg.it
1716,gmail
1717,gov.scot
1718,gov.to
1719,iki.fi
1720,lima-city.de
1721,mazowsze.pl
1722,mt.gov.br
1723,net.sb
1724,oz
1725,ppg.br
1726,ra.it
1727,vanguard
1728,accountant
1729,aq.it
1730,blogspot.com.tr
1731,cloudns.cc
1732,college
1733,construction
1734,dynalias.com
1735,fr.it
1736,health.nz
1737,homeftp.net
1738,kalisz.pl
1739,kr.ua
1740,miniserver.com
1741,mydrobo.com
1742,nctu.me
1743,nh-serv.co.uk
1744,org.mt
1745,org.pt
1746,org.ro
1747,pa.gov.br
1748,sch.qa
1749,servepics.com
1750,sucks
1751,tas.gov.au
1752,agro.pl
1753,bible
1754,bologna.it
1755,bytom.pl
1756,edu.al
1757,edu.cu
1758,emp.br
1759,fvg.it
1760,lazio.it
1761,lombardia.it
1762,lt.it
1763,nfshost.com
1764,property
1765,sch.ae
1766,selfip.net
1767,servequake.com
1768,shopping
1769,vb.it
1770,wedding
1771,at.it
1772,barclays
1773,co.network
1774,com.kz
1775,ct.us
1776,dyndns-blog.com
1777,dyndns-ip.com
1778,geek.nz
1779,gmina.pl
1780,gov.al
1781,gov.tm
1782,gov.zw
1783,hb.cn
1784,hermes
1785,net.om
1786,nsn.us
1787,priv.at
1788,sicilia.it
1789,tn.us
1790,voto
1791,accesscam.org
1792,bj.cn
1793,blogspot.ch
1794,blogspot.se
1795,cloud.goog
1796,co.im
1797,com.az
1798,com.gn
1799,cu.cc
1800,drayddns.com
1801,edu.mt
1802,edu.ps
1803,eu-west-3.elasticbeanstalk.com
1804,eun.eg
1805,game.tw
1806,gdansk.pl
1807,gouv.ml
1808,gov.tl
1809,homedns.org
1810,hs.kr
1811,joburg
1812,lo.it
1813,lon-2.paas.massivegrid.net
1814,melbourne
1815,mielec.pl
1816,mil.kr
1817,mil.pl
1818,pi.gov.br
1819,quebec
1820,sa-east-1.elasticbeanstalk.com
1821,scb
1822,school.za
1823,swidnica.pl
1824,ta.it
1825,xn--j1amh
1826,yahoo
1827,abc
1828,aig
1829,archi
1830,br.it
1831,cheap
1832,computer
1833,cricket
1834,csc
1835,dynns.com
1836,edu.et
1837,edu.ly
1838,in-berlin.de
1839,lawyer
1840,magentosite.cloud
1841,marche.it
1842,mayfirst.org
1843,net.kw
1844,nf.ca
1845,psc.br
1846,realestate
1847,sandvik
1848,serveblog.net
1849,sn.cn
1850,so.gov.pl
1851,suwalki.pl
1852,webhosting.be
1853,abb
1854,amazon
1855,anz
1856,ap.it
1857,blogspot.hu
1858,blogspot.pt
1859,bom
1860,cc.ca.us
1861,ck.ua
1862,com.tm
1863,com.vu
1864,contractors
1865,cymru
1866,estate
1867,far.br
1868,firm.in
1869,forex
1870,gov.bt
1871,gov.fj
1872,hyogo.jp
1873,jor.br
1874,k12.ky.us
1875,llp
1876,ltda
1877,mil.ec
1878,observer
1879,org.fj
1880,poa.br
1881,r.cdn77.net
1882,ruhr
1883,s3.dualstack.us-east-2.amazonaws.com
1884,sardegna.it
1885,sells-it.net
1886,abudhabi
1887,an.it
1888,azure
1889,azurecontainer.io
1890,blogspot.ro
1891,edu.krd
1892,gov.bz
1893,industries
1894,k12.ak.us
1895,kyoto.jp
1896,med.ec
1897,ne.us
1898,net.et
1899,net.ki
1900,nysa.pl
1901,org.gr
1902,org.mw
1903,rec.br
1904,rio
1905,saitama.jp
1906,sc.cn
1907,tarnobrzeg.pl
1908,tas.edu.au
1909,wloclawek.pl
1910,builders
1911,cars
1912,cloudaccess.host
1913,data
1914,edu.hn
1915,edunet.tn
1916,equipment
1917,eu.platform.sh
1918,forsale
1919,freeboxos.fr
1920,hi.cn
1921,hokkaido.jp
1922,j.layershift.co.uk
1923,jetzt
1924,lib.mi.us
1925,nagoya
1926,naklo.pl
1927,no.it
1928,nov.ru
1929,nu.it
1930,org.ni
1931,powiat.pl
1932,pulawy.pl
1933,rg.it
1934,sd.us
1935,soy
1936,sp.it
1937,torino.it
1938,umbria.it
1939,webhop.org
1940,avocat.fr
1941,bhz.br
1942,bing
1943,blogspot.be
1944,com.dz
1945,durban
1946,emilia-romagna.it
1947,esp.br
1948,eu.int
1949,firenze.it
1950,gotdns.org
1951,gov.dz
1952,gov.sd
1953,it.ao
1954,jx.cn
1955,k12.ar.us
1956,kiwi.nz
1957,loginto.me
1958,mcdir.ru
1959,memset.net
1960,mobile
1961,net.ng
1962,now
1963,org.bt
1964,org.gh
1965,org.na
1966,org.pa
1967,org.rw
1968,ostrowiec.pl
1969,prato.it
1970,rc.it
1971,rn.it
1972,ro.it
1973,s3-fips-us-gov-west-1.amazonaws.com
1974,sc.ke
1975,schulserver.de
1976,sp.leg.br
1977,tirol
1978,trading
1979,uk0.bigv.io
1980,vacations
1981,xn--80asehdb
1982,ac.rw
1983,asso.ci
1984,bio.br
1985,brussels
1986,camdvr.org
1987,ch.it
1988,com.sy
1989,discourse.group
1990,doctor
1991,dscloud.me
1992,edu.sn
1993,edu.so
1994,enterprises
1995,free
1996,gov.bs
1997,gov.dm
1998,gov.gn
1999,gsm.pl
2000,neustar
2001,nra
2002,parma.it
2003,pe.it
2004,phone
2005,piemonte.it
2006,pp.se
2007,sch.sa
2008,servehalflife.com
2009,trieste.it
2010,ulsan.kr
2011,website.yandexcloud.net
2012,xn--90ais
2013,za.com
2014,ap.gov.br
2015,ci.it
2016,co.mw
2017,co.na
2018,com.ht
2019,com.kg
2020,gouv.ht
2021,isa-geek.org
2022,java
2023,jdevcloud.com
2024,loans
2025,lukow.pl
2026,mypsx.net
2027,okinawa
2028,ostroda.pl
2029,rep.kp
2030,salon
2031,trapani.it
2032,wv.us
2033,611.to
2034,ac.pa
2035,am.gov.br
2036,blogspot.no
2037,booking
2038,cl.it
2039,cn-northwest-1.eb.amazonaws.com.cn
2040,com.by
2041,edu.bz
2042,edu.kz
2043,edu.tt
2044,engineer
2045,fe.it
2046,flights
2047,fm.br
2048,gov.gd
2049,gov.ky
2050,gov.lr
2051,gov.mw
2052,gov.pr
2053,gov.tn
2054,gv.ao
2055,hiroshima.jp
2056,homeoffice.gov.uk
2057,jewelry
2058,k12.me.us
2059,k12.ms.us
2060,man
2061,md.ci
2062,media.pl
2063,mil.do
2064,net.gy
2065,no.com
2066,nom.fr
2067,not.br
2068,nx.cn
2069,org.bh
2070,org.tn
2071,po.gov.pl
2072,rybnik.pl
2073,se.gov.br
2074,spdns.de
2075,sport
2076,study
2077,swinoujscie.pl
2078,uw.gov.pl
2079,auto.pl
2080,blogdns.com
2081,bt.it
2082,co.business
2083,courses
2084,credit
2085,df.gov.br
2086,dscloud.biz
2087,dyndns-office.com
2088,es.kr
2089,exposed
2090,genova.it
2091,gov.bb
2092,gov.mg
2093,hn.cn
2094,holdings
2095,idf.il
2096,im.it
2097,info.hu
2098,investments
2099,k12.de.us
2100,kyoto
2101,lib
2102,malbork.pl
2103,mil.my
2104,mil.ru
2105,mortgage
2106,ms.it
2107,nom.br
2108,org.hu
2109,organic
2110,ot.it
2111,pc.it
2112,s3-website.ap-south-1.amazonaws.com
2113,schule
2114,sci.eg
2115,shizuoka.jp
2116,uber.space
2117,ud.it
2118,xn--p1acf
2119,ac.mu
2120,associates
2121,asti.it
2122,attorney
2123,bari.it
2124,busan.kr
2125,cim.br
2126,com.ky
2127,diamonds
2128,does-it.net
2129,dsmynas.com
2130,dy.fi
2131,fukui.jp
2132,furniture
2133,gorlice.pl
2134,gov.cm
2135,gov.kg
2136,info.ve
2137,k12.al.us
2138,k12.az.us
2139,mie.jp
2140,moi
2141,msd
2142,net.uy
2143,org.bw
2144,org.kw
2145,org.ug
2146,pc.pl
2147,pisa.it
2148,pu.it
2149,ri.it
2150,rr.gov.br
2151,sd.cn
2152,travel.pl
2153,ts.it
2154,wielun.pl
2155,wodzislaw.pl
2156,akita.jp
2157,baby
2158,basilicata.it
2159,biella.it
2160,casacam.net
2161,caserta.it
2162,cb.it
2163,compute-1.amazonaws.com
2164,coop.py
2165,coupons
2166,day
2167,edu.ci
2168,gov.cl
2169,grosseto.it
2170,homelinux.com
2171,hot
2172,lib.in.us
2173,luxury
2174,matera.it
2175,name.tr
2176,net.pa
2177,plumbing
2178,security
2179,so.it
2180,spot
2181,static.observableusercontent.com
2182,tr.it
2183,weber
2184,yokohama
2185,act.edu.au
2186,ap.gov.pl
2187,appchizi.com
2188,blogspot.ie
2189,brescia.it
2190,career
2191,cologne
2192,com.bb
2193,dd-dns.de
2194,fot.br
2195,gov.ly
2196,gov.sb
2197,gs.cn
2198,honda
2199,inf.cu
2200,info.tr
2201,k12.ne.us
2202,k12.tx.us
2203,latina.it
2204,lecce.it
2205,lidl
2206,lpusercontent.com
2207,lu.it
2208,lubin.pl
2209,mp.br
2210,neat-url.com
2211,net.bo
2212,okinawa.jp
2213,on-aptible.com
2214,pi.it
2215,pid
2216,pistoia.it
2217,presse.ci
2218,rehab
2219,reisen
2220,s3.dualstack.eu-central-1.amazonaws.com
2221,sa.cr
2222,sassari.it
2223,schwarz
2224,slask.pl
2225,stufftoread.com
2226,us-3.evennode.com
2227,vicenza.it
2228,yandex
2229,abruzzo.it
2230,ac.me
2231,aichi.jp
2232,blogspot.cz
2233,catering
2234,cc.or.us
2235,cern
2236,chiba.jp
2237,com.cm
2238,com.kp
2239,cz.it
2240,edu.la
2241,edu.mg
2242,fhs.no
2243,florist
2244,gen.in
2245,gouv.sn
2246,gz.cn
2247,homeunix.com
2248,hotmail
2249,iwate.jp
2250,iwi.nz
2251,jaworzno.pl
2252,lc.it
2253,lib.il.us
2254,lib.ms.us
2255,lucca.it
2256,mielno.pl
2257,mil.uy
2258,net-freaks.com
2259,net.cu
2260,odo.br
2261,ostroleka.pl
2262,rimini.it
2263,sanok.pl
2264,selfip.org
2265,serveftp.net
2266,siena.it
2267,store.ro
2268,tatar
2269,ug.gov.pl
2270,um.gov.pl
2271,walbrzych.pl
2272,xn--54b7fta0cc
2273,xn--vuq861b
2274,yn.cn
2275,a.prod.fastly.net
2276,aeroport.fr
2277,augustow.pl
2278,blogspot.dk
2279,blogspot.fi
2280,bsb.br
2281,co.je
2282,com.iq
2283,com.so
2284,comcast
2285,def.br
2286,degree
2287,donetsk.ua
2288,dyndns-remote.com
2289,edu.dz
2290,edu.sl
2291,fhsk.se
2292,gob.pk
2293,gov.sc
2294,guitars
2295,ibm
2296,immobilien
2297,k12.nm.us
2298,kaufen
2299,kharkiv.ua
2300,komatsu
2301,kyiv.ua
2302,lego
2303,lomza.pl
2304,malopolska.pl
2305,map
2306,mazury.pl
2307,ngo.za
2308,novara.it
2309,org.ae
2310,org.al
2311,org.bz
2312,oya.to
2313,pictet
2314,podzone.net
2315,priv.no
2316,pruszkow.pl
2317,pz.it
2318,rnu.tn
2319,s3.dualstack.ap-south-1.amazonaws.com
2320,saarland
2321,search
2322,toyota
2323,varese.it
2324,vlaanderen
2325,voyage
2326,xn--ses554g
2327,ac.mw
2328,alt.za
2329,ancona.it
2330,bargains
2331,bedzin.pl
2332,blogspot.co.at
2333,blogspot.co.nz
2334,blogspot.pe
2335,chirurgiens-dentistes.fr
2336,co.mu
2337,country
2338,dnsalias.org
2339,edu.bt
2340,edu.ht
2341,fishing
2342,fukuoka.jp
2343,gifu.jp
2344,glogow.pl
2345,go.it
2346,gov.bm
2347,gov.lc
2348,homes
2349,ilawa.pl
2350,insurance
2351,kagawa.jp
2352,kanagawa.jp
2353,like
2354,lowicz.pl
2355,mov
2356,myddns.rocks
2357,napoli.it
2358,net.kg
2359,net.ml
2360,no-ip.ca
2361,nom.es
2362,nt.edu.au
2363,org.la
2364,perugia.it
2365,rieti.it
2366,s3-website.ca-central-1.amazonaws.com
2367,sch.ng
2368,selfip.biz
2369,tienda
2370,tondabayashi.osaka.jp
2371,villas
2372,vs.it
2373,wow
2374,ac.sz
2375,actor
2376,apartments
2377,b.br
2378,bbs
2379,bergamo.it
2380,blogspot.com.eg
2381,boston
2382,broker
2383,cleaning
2384,cloudns.pro
2385,co.bi
2386,co.cz
2387,com.ee
2388,com.uz
2389,cooking
2390,crotone.it
2391,dell
2392,doomdns.com
2393,edu.eu.org
2394,edu.sy
2395,fc.it
2396,flowers
2397,gay
2398,gov.bf
2399,gov.gi
2400,gov.ki
2401,hockey
2402,homeunix.org
2403,is-by.us
2404,jnj
2405,k12.la.us
2406,kepno.pl
2407,krasnik.pl
2408,kred
2409,kutno.pl
2410,lib.oh.us
2411,lib.wa.us
2412,liguria.it
2413,mil.ar
2414,mil.pe
2415,msk.su
2416,name.my
2417,net.hn
2418,net.mo
2419,olkusz.pl
2420,open
2421,oslo.no
2422,priv.pl
2423,sarl
2424,sc.tz
2425,sch.ir
2426,shop.pl
2427,smart
2428,soccer
2429,square7.ch
2430,storage
2431,tennis
2432,tm.pl
2433,veneto.it
2434,vgs.no
2435,xn--3e0b707e
2436,xn--czr694b
2437,12hp.de
2438,ac.zm
2439,accenture
2440,benevento.it
2441,blogdns.net
2442,blogspot.lt
2443,blogspot.sk
2444,boleslawiec.pl
2445,cc.ia.us
2446,christmas
2447,contact
2448,ddnss.de
2449,dentist
2450,diskstation.org
2451,doesntexist.com
2452,dweb.link
2453,dynalias.org
2454,dyndns-home.com
2455,edu.bi
2456,edu.kg
2457,edu.ky
2458,edu.lc
2459,edu.zm
2460,fly.dev
2461,foo
2462,gouv.bj
2463,gov.ml
2464,gov.ve
2465,gunma.jp
2466,health.vn
2467,hiv
2468,ibara.okayama.jp
2469,idv.hk
2470,ing
2471,jcb
2472,jelastic.dogado.eu
2473,k12.md.us
2474,kherson.ua
2475,lom.it
2476,med
2477,meteorapp.com
2478,mg.leg.br
2479,micro
2480,mircloud.host
2481,mls
2482,nagano.jp
2483,name.ng
2484,net.eu.org
2485,net.ge
2486,nom.za
2487,nuoro.it
2488,off.ai
2489,ong.br
2490,orange
2491,org.mn
2492,physio
2493,plo.ps
2494,po.it
2495,point2this.com
2496,polkowice.pl
2497,s3.dualstack.ap-northeast-2.amazonaws.com
2498,safe
2499,samsung
2500,sbs
2501,shiksha
2502,sina
2503,siracusa.it
2504,stuff-4-sale.us
2505,trust
2506,turek.pl
2507,tw.cn
2508,twmail.org
2509,vda.it
2510,viterbo.it
2511,vix.br
2512,web.ve
2513,xn--6frz82g
2514,xn--80adxhks
2515,xn--j6w193g
2516,zakopane.pl
2517,ac.gov.br
2518,aland.fi
2519,alessandria.it
2520,algorithmia.com
2521,alsace
2522,am.br
2523,analytics
2524,aomori.jp
2525,ar.com
2526,biz.mv
2527,blogsite.org
2528,blogspot.ae
2529,blogspot.ba
2530,blogspot.co.il
2531,blogspot.co.za
2532,blogspot.com.ng
2533,blogspot.li
2534,blogspot.qa
2535,blogspot.rs
2536,blogspot.si
2537,blogspot.sn
2538,boats
2539,book
2540,caltanissetta.it
2541,cc.fl.us
2542,cc.ok.us
2543,cfa
2544,chieti.it
2545,cieszyn.pl
2546,co.ni
2547,com.lc
2548,condos
2549,corsica
2550,cuiaba.br
2551,dot
2552,edu.ac
2553,edu.gy
2554,edu.mz
2555,folkebibl.no
2556,gives
2557,got
2558,gov.kn
2559,gov.vc
2560,ibaraki.jp
2561,ice
2562,id.lv
2563,is-a-geek.org
2564,jelastic.regruhosting.ru
2565,joy
2566,k12.ct.us
2567,karpacz.pl
2568,kicks-ass.org
2569,laquila.it
2570,lease
2571,lib.la.us
2572,lib.md.us
2573,lib.ok.us
2574,livorno.it
2575,loseyourip.com
2576,ltd.ua
2577,madrid
2578,mail.pl
2579,mattel
2580,medecin.fr
2581,mil.jo
2582,mil.zw
2583,mini
2584,miyagi.jp
2585,mo.cn
2586,museum.no
2587,my-firewall.org
2588,myfirewall.org
2589,nagoya.jp
2590,nat.tn
2591,net.bz
2592,net.ir
2593,net.la
2594,net.st
2595,niigata.jp
2596,nowaruda.pl
2597,olecko.pl
2598,org.im
2599,org.ly
2600,org.mv
2601,org.om
2602,osaka
2603,pavia.it
2604,pay
2605,pescara.it
2606,play
2607,podzone.org
2608,port.fr
2609,prd.fr
2610,pri.ee
2611,pru
2612,pt.it
2613,pvh.br
2614,quicksytes.com
2615,read
2616,rj.leg.br
2617,rovno.ua
2618,s3.dualstack.sa-east-1.amazonaws.com
2619,se.net
2620,secure
2621,ses
2622,shaw
2623,shiga.jp
2624,statebank
2625,szkola.pl
2626,tcp4.me
2627,tvs
2628,walmart
2629,wegrow.pl
2630,woodside
2631,wpdevcloud.com
2632,xn--55qx5d
2633,xn--6qq986b3xl
2634,xn--o3cw4h
2635,accountants
2636,airforce
2637,ao.it
2638,belluno.it
2639,bi.it
2640,bieszczady.pl
2641,biz.ls
2642,blackfriday
2643,blogspot.com.co
2644,blogspot.com.cy
2645,blogspot.lu
2646,blogspot.md
2647,brasilia.me
2648,brindisi.it
2649,cba
2650,cc.wa.us
2651,ciscofreak.com
2652,com.to
2653,como.it
2654,czeladz.pl
2655,defense.tn
2656,dev.br
2657,docs
2658,doomdns.org
2659,dsmynas.org
2660,dynalias.net
2661,dyndns-mail.com
2662,dyndns-web.com
2663,edu.bb
2664,edu.ls
2665,edu.st
2666,emr.it
2667,for-better.biz
2668,from-ca.com
2669,frosinone.it
2670,gov.as
2671,gov.lt
2672,gripe
2673,gru.br
2674,he.cn
2675,inf.ua
2676,info.ro
2677,jll
2678,k12.ks.us
2679,k12.nh.us
2680,kagoshima.jp
2681,kerrylogistics
2682,kg.kr
2683,kilatiron.com
2684,konin.pl
2685,landrover
2686,law.za
2687,lecco.it
2688,limo
2689,mat.br
2690,mil.co
2691,mozilla-iot.org
2692,nara.jp
2693,net.tm
2694,nom.pl
2695,org.ba
2696,org.et
2697,org.ge
2698,org.lr
2699,org.se
2700,oristano.it
2701,pe.leg.br
2702,per.sg
2703,ponpes.id
2704,potenza.it
2705,qh.cn
2706,radio.br
2707,radio.fm
2708,ribeirao.br
2709,rugby
2710,s3.dualstack.ca-central-1.amazonaws.com
2711,safety
2712,sampa.br
2713,sc.kr
2714,sch.lk
2715,schools.nsw.edu.au
2716,servep2p.com
2717,sorocaba.br
2718,sos.pl
2719,sport.hu
2720,starachowice.pl
2721,statefarm
2722,thruhere.net
2723,tires
2724,to.leg.br
2725,toyama.jp
2726,tui
2727,tv.tr
2728,uzhgorod.ua
2729,verona.it
2730,viajes
2731,vinnica.ua
2732,webhop.info
2733,wiw.gov.pl
2734,xn--3ds443g
2735,xn--mk1bu44c
2736,yamagata.jp
2737,yokohama.jp
2738,zgorzelec.pl
2739,ac.se
2740,ae.org
2741,agrinet.tn
2742,apigee.io
2743,app.br
2744,bbc
2745,biz.at
2746,biz.pk
2747,blogspot.al
2748,blogspot.co.ke
2749,blogspot.com.uy
2750,bmoattachments.org
2751,boo
2752,call
2753,catanzaro.it
2754,cc.ms.us
2755,co.cm
2756,co.place
2757,co.st
2758,com.bs
2759,com.lv
2760,com.mu
2761,com.ws
2762,cpa
2763,creditcard
2764,cruises
2765,democrat
2766,dep.no
2767,dnsdojo.com
2768,dnsfor.me
2769,dontexist.com
2770,dontexist.net
2771,dyn
2772,ehime.jp
2773,feedback
2774,fidelity
2775,firewall-gateway.com
2776,firewall-gateway.de
2777,flir
2778,fm.it
2779,forgot.his.name
2780,freesite.host
2781,from-de.com
2782,from.hr
2783,gangwon.kr
2784,gap
2785,go.dyndns.org
2786,gov.ee
2787,gov.ls
2788,gov.so
2789,gr.com
2790,hiphop
2791,homedepot
2792,homeunix.net
2793,ikeda.gifu.jp
2794,incheon.kr
2795,int.ru
2796,isernia.it
2797,ishikawa.jp
2798,itv
2799,jio
2800,k12.vt.us
2801,kochi.jp
2802,komono.mie.jp
2803,kwpsp.gov.pl
2804,lds
2805,lel.br
2806,lib.ca.us
2807,lib.ny.us
2808,lib.tx.us
2809,maringa.br
2810,me.ke
2811,mil.nz
2812,mil.st
2813,mil.ve
2814,mizusawa.iwate.jp
2815,modena.it
2816,mt.it
2817,net.jo
2818,net.sy
2819,noip.us
2820,nom.co
2821,og.it
2822,org.dz
2823,org.gy
2824,org.ps
2825,org.tt
2826,osasco.br
2827,ostrowwlkp.pl
2828,palermo.it
2829,pin
2830,pioneer
2831,pn.it
2832,podhale.pl
2833,podlasie.pl
2834,potager.org
2835,quipelements.com
2836,ragusa.it
2837,ravenna.it
2838,reit
2839,rep.br
2840,republican
2841,rwe
2842,ryukyu
2843,rzgw.gov.pl
2844,salerno.it
2845,sas
2846,savona.it
2847,selfip.info
2848,shimane.jp
2849,shop.hu
2850,space-to-rent.com
2851,stalowa-wola.pl
2852,sth.ac.at
2853,swidnik.pl
2854,swiebodzin.pl
2855,taranto.it
2856,targi.pl
2857,temasek
2858,terni.it
2859,the.br
2860,toray
2861,trd.br
2862,trv
2863,turystyka.pl
2864,ubs
2865,ufcfan.org
2866,us-gov-west-1.elasticbeanstalk.com
2867,vc.it
2868,venezia.it
2869,vercelli.it
2870,vs.mythic-beasts.com
2871,xn--l1acc
2872,xz.cn
2873,yun
2874,ac.im
2875,aco
2876,advisor.ws
2877,afl
2878,amagasaki.hyogo.jp
2879,arezzo.it
2880,asso.mc
2881,bazar
2882,beep.pl
2883,blogspot.bg
2884,blogspot.cl
2885,blogspot.com.by
2886,blogspot.hr
2887,blogspot.is
2888,blogspot.mk
2889,blogspot.ug
2890,bnr.la
2891,cal
2892,case
2893,cbn
2894,cc.al.us
2895,cc.il.us
2896,cc.ua
2897,ceb
2898,cechire.com
2899,cfd
2900,charity
2901,chase
2902,cloudns.org
2903,co.ca
2904,co.gg
2905,com.bi
2906,com.cw
2907,com.im
2908,com.nr
2909,com.sd
2910,com.st
2911,crimea.ua
2912,crown
2913,curitiba.br
2914,de.cool
2915,diskstation.eu
2916,dnsdojo.net
2917,dnshome.de
2918,drive
2919,dvrcam.info
2920,dyndns-work.com
2921,eating-organic.net
2922,edu.gi
2923,edu.kn
2924,edu.pf
2925,ens.tn
2926,enterprisecloud.nu
2927,ericsson
2928,eu-4.evennode.com
2929,fage
2930,fast
2931,floripa.br
2932,from-dc.com
2933,ftr
2934,gea
2935,giving
2936,gnu
2937,gov.me
2938,gov.mr
2939,gov.st
2940,hasura-app.io
2941,hkt
2942,hu.com
2943,ifm
2944,in-brb.de
2945,in-dsl.de
2946,ip6.arpa
2947,is-a-chef.com
2948,is-a-doctor.com
2949,is-a-geek.com
2950,is-leet.com
2951,itau
2952,kawasaki.jp
2953,kazuno.akita.jp
2954,klodzko.pl
2955,kodaira.tokyo.jp
2956,koshigaya.saitama.jp
2957,kpn
2958,lib.ee
2959,lib.fl.us
2960,lib.me.us
2961,limanowa.pl
2962,log.br
2963,lutsk.ua
2964,luxe
2965,lynx.mythic-beasts.com
2966,maceio.br
2967,mango
2968,meguro.tokyo.jp
2969,mint
2970,ms.kr
2971,mtn
2972,my-router.de
2973,myiphost.com
2974,nab
2975,net.bs
2976,nis.za
2977,olawa.pl
2978,olbia-tempio.it
2979,onomichi.hiroshima.jp
2980,org.bn
2981,org.gg
2982,org.kz
2983,org.me
2984,org.sl
2985,ownprovider.com
2986,phd
2987,pr.leg.br
2988,qvc
2989,read-books.org
2990,red.sv
2991,rich
2992,rnrt.tn
2993,room
2994,s3-website.eu-west-3.amazonaws.com
2995,sandcats.io
2996,sch.zm
2997,sendai.jp
2998,serveftp.org
2999,servesarcasm.com
3000,sfr
3001,shichikashuku.miyagi.jp
3002,shinagawa.tokyo.jp
3003,sm.ua
3004,song
3005,target
3006,tec.br
3007,thd
3008,theater
3009,tochigi.jp
3010,toshiba
3011,translate.goog
3012,treviso.it
3013,tv.bo
3014,ustka.pl
3015,uzs.gov.pl
3016,vps.myjino.ru
3017,web.pk
3018,web.za
3019,windows
3020,wme
3021,xerox
3022,xj.cn
3023,xn--qxam
3024,xn--wgbl6a
3025,yamanashi.jp
3026,aeg
3027,agric.za
3028,aju.br
3029,altoadige.it
3030,art.museum
3031,at.eu.org
3032,avellino.it
3033,bbs.tr
3034,bcn
3035,beskidy.pl
3036,bielawa.pl
3037,blogspot.am
3038,blogspot.com.ee
3039,blogspot.com.mt
3040,bms
3041,bolt.hu
3042,bugatti
3043,buy
3044,calabria.it
3045,campobasso.it
3046,cancerresearch
3047,catania.it
3048,cc.ny.us
3049,cc.tx.us
3050,cdn77-ssl.net
3051,chintai
3052,citi
3053,claims
3054,cloudera.site
3055,cloudjiffy.net
3056,co.no
3057,co.pw
3058,com.ki
3059,com.ml
3060,com.sc
3061,contagem.br
3062,cuisinella
3063,daegu.kr
3064,dds
3065,dh.bytemark.co.uk
3066,diy
3067,dr.tr
3068,dyndns-at-home.com
3069,dyndns-wiki.com
3070,eat
3071,edu.ml
3072,edu.sb
3073,es.leg.br
3074,familyds.net
3075,fermo.it
3076,food
3077,for-more.biz
3078,for-our.info
3079,ford
3080,from-co.net
3081,from-id.com
3082,from-ok.com
3083,fukushima.jp
3084,g.vbrplsbx.io
3085,game-host.org
3086,game-server.cc
3087,genting
3088,globo
3089,gmx
3090,goiania.br
3091,gov.ac
3092,gov.cx
3093,gov.ec
3094,hair
3095,hakodate.hokkaido.jp
3096,hepforge.org
3097,hisamitsu
3098,ikano
3099,ingatlan.hu
3100,is-a-geek.net
3101,is-certified.com
3102,ismaili
3103,istmein.de
3104,izena.okinawa.jp
3105,jls-sto1.elastx.net
3106,k12.nv.us
3107,k12.tn.us
3108,kartuzy.pl
3109,kawanishi.hyogo.jp
3110,kep.tr
3111,kia
3112,knowsitall.info
3113,kongsberg.no
3114,kr.it
3115,kumamoto.jp
3116,laspezia.it
3117,leczna.pl
3118,lib.ia.us
3119,lib.ks.us
3120,lib.mo.us
3121,lib.nc.us
3122,lib.nj.us
3123,lib.wi.us
3124,likescandy.com
3125,living
3126,lodi.it
3127,lolipop.io
3128,lubartow.pl
3129,ma.leg.br
3130,mantova.it
3131,meme
3132,memorial
3133,mex.com
3134,mil.ae
3135,mil.by
3136,mil.cl
3137,mil.za
3138,misconfused.org
3139,mit
3140,miyazaki.jp
3141,miyoshi.hiroshima.jp
3142,mlb
3143,mlbfan.org
3144,mma
3145,mtr
3146,musica.ar
3147,myasustor.com
3148,mypep.link
3149,mypets.ws
3150,mypi.co
3151,n4t.co
3152,nagasaki.jp
3153,nakano.tokyo.jp
3154,ne.tz
3155,nec
3156,neo
3157,net.al
3158,net.gg
3159,net.gn
3160,net.iq
3161,net.ws
3162,netflix
3163,nhk
3164,niigata.niigata.jp
3165,nissan
3166,nohost.me
3167,nom.ke
3168,now-dns.net
3169,obi
3170,office-on-the.net
3171,omega
3172,online.th
3173,oracle
3174,org.lv
3175,org.vu
3176,org.ws
3177,oss
3178,oyama.tochigi.jp
3179,parliament.nz
3180,piacenza.it
3181,piw.gov.pl
3182,pointto.us
3183,poivron.org
3184,prime
3185,qsl.br
3186,qualifioapp.com
3187,ri.us
3188,ricoh
3189,s3-eu-west-3.amazonaws.com
3190,sa.gov.pl
3191,saga.jp
3192,sanofi
3193,sapporo.jp
3194,sca
3195,seg.br
3196,servebbs.net
3197,seven
3198,shacknet.nu
3199,si.it
3200,sko.gov.pl
3201,soc.srcf.net
3202,stc
3203,surgery
3204,suzuki
3205,tab
3206,taobao
3207,tci
3208,tjx
3209,tottori.jp
3210,tottori.tottori.jp
3211,toyota.aichi.jp
3212,trento.it
3213,twmail.cc
3214,ups
3215,verbania.it
3216,virgin
3217,voting
3218,vpnplus.to
3219,wblog.id
3220,web.in
3221,wien.funkfeuer.at
3222,wolomin.pl
3223,xen.prgmr.com
3224,xn--55qx5d.cn
3225,xn--80aswg
3226,xn--9dbq2a
3227,xn--c1avg
3228,xn--h2brj9c
3229,xn--ngbc5azd
3230,xn--rhqv96g
3231,yachts
3232,4lima.de
3233,a.se
3234,aarp
3235,abc.br
3236,abogado
3237,ac.ls
3238,adachi.tokyo.jp
3239,allfinanz
3240,ally
3241,ando.nara.jp
3242,aol
3243,ashgabad.su
3244,asso.dz
3245,awdev.ca
3246,axa
3247,barsy.menu
3248,bbva
3249,bcg
3250,beauty
3251,bharti
3252,biz.az
3253,biz.bb
3254,blog.bo
3255,bolzano.it
3256,cable-modem.org
3257,cc.ga.us
3258,cc.la.us
3259,cc.nm.us
3260,channelsdvr.net
3261,circle
3262,clubmed
3263,co.cl
3264,com.bm
3265,com.sn
3266,com.tt
3267,compare
3268,cosenza.it
3269,creditunion
3270,cremona.it
3271,cuneo.it
3272,cyon.link
3273,damnserver.com
3274,ddnslive.com
3275,ddnss.org
3276,dealer
3277,deloitte
3278,delta
3279,dish
3280,dlugoleka.pl
3281,dnsdojo.org
3282,dnsup.net
3283,dnsupdate.info
3284,dontexist.org
3285,dtv
3286,duck
3287,dupont
3288,dvag
3289,dvr
3290,dynathome.net
3291,dyndns-at-work.com
3292,edeka
3293,edu.bs
3294,edu.cw
3295,edu.gl
3296,edu.gu
3297,edu.tm
3298,edu.vu
3299,edu.ws
3300,emc
3301,endofinternet.net
3302,endoftheinternet.org
3303,esq
3304,eu-2.evennode.com
3305,fedex
3306,feste-ip.net
3307,film.hu
3308,fire
3309,firewall-gateway.net
3310,firmdale
3311,fm.no
3312,for-the.biz
3313,frogans
3314,from-ak.com
3315,from-al.com
3316,from-md.com
3317,from-mt.com
3318,from-wa.com
3319,ftpaccess.cc
3320,fudai.iwate.jp
3321,gallo
3322,geometre-expert.fr
3323,gets-it.net
3324,gok.pk
3325,gov.kp
3326,gov.ms
3327,gov.pn
3328,gov.ss
3329,grajewo.pl
3330,guardian
3331,gwangju.kr
3332,gyeonggi.kr
3333,ham-radio-op.net
3334,hbo
3335,here-for-more.info
3336,heritage.museum
3337,hirono.iwate.jp
3338,hyatt
3339,i.ph
3340,in.london
3341,in.na
3342,infiniti
3343,info.at
3344,info.ec
3345,intuit
3346,ipiranga
3347,is-an-actor.com
3348,is-saved.org
3349,is-very-good.org
3350,isteingeek.de
3351,its.me
3352,iz.hr
3353,jampa.br
3354,jcloud.kz
3355,jelenia-gora.pl
3356,jmp
3357,jot
3358,juegos
3359,kagoshima.kagoshima.jp
3360,kaszuby.pl
3361,kawagoe.saitama.jp
3362,kazimierz-dolny.pl
3363,kerryproperties
3364,kindle
3365,lamborghini
3366,lebtimnetz.de
3367,lezajsk.pl
3368,lib.co.us
3369,lib.or.us
3370,lib.pa.us
3371,lilly
3372,linde
3373,lpl
3374,ltd.hk
3375,lundbeck
3376,macys
3377,maison
3378,maserati
3379,matsumoto.nagano.jp
3380,med.ly
3381,media.hu
3382,messina.it
3383,mihama.mie.jp
3384,mil.gh
3385,mil.ng
3386,mil.ni
3387,mil.no
3388,mil.qa
3389,mil.zm
3390,minato.tokyo.jp
3391,mitsubishi
3392,miyako.iwate.jp
3393,mragowo.pl
3394,mt.leg.br
3395,myhome-server.de
3396,myphotos.cc
3397,na4u.ru
3398,naka.hiroshima.jp
3399,nanao.ishikawa.jp
3400,natal.br
3401,nerima.tokyo.jp
3402,net.bh
3403,net.cm
3404,net.cy
3405,net.ht
3406,net.kn
3407,net.nf
3408,net.nr
3409,net.pn
3410,nexus
3411,nflfan.org
3412,nhlfan.net
3413,nike
3414,nikolaev.ua
3415,nishinomiya.hyogo.jp
3416,nl.eu.org
3417,nom.mk
3418,nom.si
3419,ny-1.paas.massivegrid.net
3420,nym.gr
3421,nym.ie
3422,nym.kz
3423,nym.lt
3424,nym.mn
3425,nym.nz
3426,nym.pt
3427,nym.su
3428,nyuzen.toyama.jp
3429,of.by
3430,of.london
3431,ogaki.gifu.jp
3432,oita.jp
3433,okayama.okayama.jp
3434,okinawa.okinawa.jp
3435,okutama.tokyo.jp
3436,ollo
3437,omachi.nagano.jp
3438,ome.tokyo.jp
3439,opencraft.hosting
3440,org.bb
3441,org.bi
3442,org.bs
3443,org.ci
3444,org.kp
3445,org.lk
3446,org.nr
3447,org.sd
3448,org.sn
3449,otsuki.kochi.jp
3450,pa.gov.pl
3451,pa.leg.br
3452,panasonic
3453,pccw
3454,pfizer
3455,pomorskie.pl
3456,pomorze.pl
3457,press.ma
3458,protection
3459,prudential
3460,qc.com
3461,qpon
3462,redstone
3463,reise
3464,ril
3465,riopreto.br
3466,ro.leg.br
3467,s5y.io
3468,sakura.chiba.jp
3469,salud.bo
3470,sandvikcoromant
3471,save
3472,schmidt
3473,se.leg.br
3474,securitytactics.com
3475,seiyo.ehime.jp
3476,select
3477,sener
3478,sew
3479,sjc.br
3480,skype
3481,softbank
3482,sopot.pl
3483,spa
3484,spdns.eu
3485,square7.net
3486,starostwo.gov.pl
3487,stockholm
3488,suli.hu
3489,syno-ds.de
3490,takamatsu.kagawa.jp
3491,tdk
3492,teramo.it
3493,tiffany
3494,tmp.br
3495,toba.mie.jp
3496,tokushima.jp
3497,townnews-staging.com
3498,toyama.toyama.jp
3499,transurl.nl
3500,tsk.tr
3501,twmail.net
3502,ubank
3503,udine.it
3504,uk.eu.org
3505,unusualperson.com
3506,vig
3507,visa
3508,vivo
3509,vladimir.ru
3510,vm.bytemark.co.uk
3511,volyn.ua
3512,vv.it
3513,wakayama.jp
3514,weatherchannel
3515,wellbeingzone.co.uk
3516,whoswho
3517,wiih.gov.pl
3518,wiki.br
3519,williamhill
3520,workisboring.com
3521,wtc
3522,xn--12co0c3b4eva.xn--o3cw4h
3523,xn--42c2d9a
3524,xn--80ao21a
3525,xn--cg4bki
3526,xn--czrs0t
3527,xn--czru2d
3528,xn--d1acj3b
3529,xn--fiqz9s
3530,xn--fjq720a
3531,xn--g2xx48c
3532,xn--hxt814e
3533,xn--mgbaam7a8h
3534,xn--mgbab2bd
3535,xn--mgbayh7gpa
3536,xn--node
3537,xn--q9jyb4c
3538,xn--vhquv
3539,xn--ygbi2ammx
3540,xn--zfr164b
3541,yaizu.shizuoka.jp
3542,yamanobe.yamagata.jp
3543,yao.osaka.jp
3544,yonezawa.yamagata.jp
3545,zara
3546,zero
3547,4lima.at
3548,abarth
3549,abbvie
3550,able
3551,ac.ci
3552,ac.gn
3553,ac.ni
3554,ac.pr
3555,ac.tj
3556,accident-prevention.aero
3557,adac
3558,adobeaemcloud.com
3559,aetna
3560,afamilycompany
3561,agakhan
3562,agrar.hu
3563,airbus
3564,airtel
3565,aizuwakamatsu.fukushima.jp
3566,akashi.hyogo.jp
3567,akdn
3568,alfaromeo
3569,alibaba
3570,alipay
3571,allstate
3572,alstom
3573,americanexpress
3574,americanfamily
3575,amfam
3576,amica
3577,anjo.aichi.jp
3578,anquan
3579,aomori.aomori.jp
3580,apps.lair.io
3581,aquarelle
3582,arab
3583,aramco
3584,arte
3585,arts.ro
3586,asahi.chiba.jp
3587,asda
3588,asso.nc
3589,at-band-camp.net
3590,athleta
3591,audible
3592,auspost
3593,author
3594,autos
3595,avianca
3596,aviation.museum
3597,avoues.fr
3598,ayabe.kyoto.jp
3599,ayase.kanagawa.jp
3600,azumino.nagano.jp
3601,babia-gora.pl
3602,balena-devices.com
3603,banamex
3604,bananarepublic
3605,barclaycard
3606,barefoot
3607,baseball
3608,bashkiria.ru
3609,bauhaus
3610,bbt
3611,bd.se
3612,beats
3613,bentley
3614,bestbuy
3615,bihoro.hokkaido.jp
3616,bitbridge.net
3617,biz.cy
3618,biz.dk
3619,biz.et
3620,biz.fj
3621,biz.gl
3622,biz.ki
3623,biz.mw
3624,biz.ni
3625,biz.nr
3626,biz.pr
3627,biz.tj
3628,biz.tt
3629,biz.zm
3630,blockbuster
3631,blogdns.org
3632,blogsyte.com
3633,bloomberg
3634,boehringer
3635,bofa
3636,bond
3637,bosch
3638,bostik
3639,boxfuse.io
3640,bplaced.de
3641,brand.se
3642,bridgestone
3643,broadway
3644,budapest
3645,calvinklein
3646,capitalone
3647,caravan
3648,caseih
3649,catholic
3650,caxias.br
3651,cbre
3652,cc.id.us
3653,cc.mt.us
3654,chanel
3655,channel
3656,cherkassy.ua
3657,chernivtsi.ua
3658,chihayaakasaka.osaka.jp
3659,chirurgiens-dentistes-en-france.fr
3660,chungbuk.kr
3661,cipriani
3662,citadel
3663,cityeats
3664,clinique
3665,cloudns.eu
3666,cloudycluster.net
3667,cng.br
3668,co.ag
3669,co.am
3670,co.bb
3671,co.bn
3672,co.ci
3673,co.dk
3674,co.education
3675,co.gl
3676,co.lc
3677,co.mg
3678,co.pn
3679,co.tj
3680,co.tm
3681,codespot.com
3682,coin
3683,com.ac
3684,com.aw
3685,com.ci
3686,com.dm
3687,com.fm
3688,com.gl
3689,com.gp
3690,com.gy
3691,com.io
3692,com.is
3693,com.mg
3694,com.ms
3695,com.mw
3696,com.re
3697,com.ug
3698,commbank
3699,communications.museum
3700,comsec
3701,cookingchannel
3702,coupon
3703,cruise
3704,customer.enonic.io
3705,cx.ua
3706,dabur
3707,dad
3708,daejeon.kr
3709,date.hokkaido.jp
3710,datsun
3711,dc.us
3712,dclk
3713,deal
3714,demo.jelastic.com
3715,direct.quickconnect.to
3716,discover
3717,dni.us
3718,dnp
3719,doesntexist.org
3720,dopaas.com
3721,draydns.de
3722,dsmynas.net
3723,dubai
3724,dunlop
3725,dyn-o-saur.com
3726,dyn-vpn.de
3727,dyndns-free.com
3728,e.se
3729,ed.ci
3730,edgestack.me
3731,edu.bm
3732,edu.dm
3733,edu.fm
3734,edu.gd
3735,edu.gn
3736,edu.gp
3737,edu.is
3738,edu.ki
3739,edu.km
3740,edu.kp
3741,edu.lr
3742,edu.me
3743,edu.ms
3744,edu.mw
3745,edu.nr
3746,edu.pn
3747,edu.pr
3748,edu.sc
3749,edu.tj
3750,edu.to
3751,edu.vc
3752,emerck
3753,endofinternet.org
3754,eniwa.hokkaido.jp
3755,enonic.io
3756,enscaled.sg
3757,ent.platform.sh
3758,epson
3759,erni
3760,est-a-la-maison.com
3761,etisalat
3762,eu-1.evennode.com
3763,eurovision
3764,experts-comptables.fr
3765,extraspace
3766,fairwinds
3767,familyds.org
3768,farmers
3769,fastblog.net
3770,ferrara.it
3771,ferrari
3772,ferrero
3773,fiat
3774,fido
3775,final
3776,firestone
3777,firm.co
3778,firm.dk
3779,firm.ht
3780,firm.nf
3781,firm.ng
3782,firm.ro
3783,firm.ve
3784,flickr
3785,fly
3786,foodnetwork
3787,for.sale
3788,forli-cesena.it
3789,forum
3790,fresenius
3791,from-az.net
3792,from-ga.com
3793,from-hi.com
3794,from-mn.com
3795,from-mo.com
3796,from-ne.com
3797,from-nh.com
3798,from-or.com
3799,from-pa.com
3800,from-pr.com
3801,from-sc.com
3802,from-vt.com
3803,frontdoor
3804,frontier
3805,fst.br
3806,fuchu.tokyo.jp
3807,fuel.aero
3808,fujisawa.kanagawa.jp
3809,fujitsu
3810,fujixerox
3811,fukusaki.hyogo.jp
3812,fukushima.fukushima.jp
3813,fukuyama.hiroshima.jp
3814,funabashi.chiba.jp
3815,fur
3816,futaba.fukushima.jp
3817,g.bg
3818,gallup
3819,gbiz
3820,gen.ng
3821,george
3822,ggee
3823,ggf.br
3824,glade
3825,gmo
3826,go.pw
3827,godaddy
3828,goldpoint
3829,goodyear
3830,gotemba.shizuoka.jp
3831,gotpantheon.com
3832,gov.cd
3833,gov.cu
3834,gov.gu
3835,gov.is
3836,gov.km
3837,gov.mu
3838,gov.nr
3839,gov.sh
3840,gov.sx
3841,gov.tj
3842,grainger
3843,grocery
3844,gs.hl.no
3845,gs.rl.no
3846,gucci
3847,guge
3848,gyeongnam.kr
3849,h.se
3850,hachinohe.aomori.jp
3851,hachioji.tokyo.jp
3852,hakuba.nagano.jp
3853,hamamatsu.shizuoka.jp
3854,hangout
3855,hashikami.aomori.jp
3856,hasura.app
3857,hdfc
3858,hdfcbank
3859,helsinki
3860,hgtv
3861,hicam.net
3862,higashikawa.hokkaido.jp
3863,higashiomi.shiga.jp
3864,history.museum
3865,hl.no
3866,home.dyndns.org
3867,homeftp.org
3868,homegoods
3869,homesense
3870,honbetsu.hokkaido.jp
3871,hoteles
3872,hotels
3873,hughes
3874,hyundai
3875,i.ng
3876,i2p
3877,id.ir
3878,idnblogger.com
3879,idrett.no
3880,ieee
3881,iheya.okinawa.jp
3882,imamat
3883,imdb
3884,imizu.toyama.jp
3885,imperia.it
3886,in.ni
3887,ind.gt
3888,ind.kw
3889,ind.tn
3890,indowapblog.com
3891,info.az
3892,info.ke
3893,info.tn
3894,ino.kochi.jp
3895,int.ar
3896,int.eu.org
3897,iruma.saitama.jp
3898,is-a-lawyer.com
3899,is-a-player.com
3900,is-a-rockstar.com
3901,is-gone.com
3902,is-lost.org
3903,is-very-evil.org
3904,is-very-sweet.org
3905,is-with-theband.com
3906,isa-geek.com
3907,iveco
3908,iwate.iwate.jp
3909,j.bg
3910,jaguar
3911,jcp
3912,jdf.br
3913,jeep
3914,jeju.kr
3915,jelastic.team
3916,jele.cloud
3917,jele.club
3918,jele.host
3919,jeonbuk.kr
3920,joinville.br
3921,jolster.no
3922,jpmorgan
3923,jprs
3924,juniper
3925,k12.dc.us
3926,k12.vi
3927,kamisu.ibaraki.jp
3928,kanie.aichi.jp
3929,kashima.ibaraki.jp
3930,kashiwara.osaka.jp
3931,kddi
3932,kerryhotels
3933,ketrzyn.pl
3934,kfh
3935,khmelnitskiy.ua
3936,kimobetsu.hokkaido.jp
3937,kinder
3938,kiryu.gunma.jp
3939,kisosaki.mie.jp
3940,kitaaiki.nagano.jp
3941,kobierzyce.pl
3942,kofu.yamanashi.jp
3943,komae.tokyo.jp
3944,komatsu.ishikawa.jp
3945,konsulat.gov.pl
3946,kosher
3947,kppsp.gov.pl
3948,kuji.iwate.jp
3949,kuokgroup
3950,kusatsu.shiga.jp
3951,kutchan.hokkaido.jp
3952,lacaixa
3953,lamer
3954,lancaster
3955,lancia
3956,lanxess
3957,lasalle
3958,latino
3959,latrobe
3960,lefrak
3961,leitungsen.de
3962,lexus
3963,lib.al.us
3964,lib.az.us
3965,lib.nh.us
3966,lib.ut.us
3967,lib.va.us
3968,lib.vt.us
3969,lifeinsurance
3970,lifestyle
3971,lima.zone
3972,lincoln
3973,lipsy
3974,lixil
3975,locker
3976,locus
3977,loft
3978,logoip.de
3979,lotte
3980,lotto
3981,lplfinancial
3982,ltd.cy
3983,lupin
3984,m.se
3985,macerata.it
3986,maif
3987,makeup
3988,marriott
3989,marshalls
3990,mashike.hokkaido.jp
3991,massacarrara.it
3992,matsubushi.saitama.jp
3993,matsudo.chiba.jp
3994,matsukawa.nagano.jp
3995,matsusaka.mie.jp
3996,mckinsey
3997,mcpe.me
3998,med.ee
3999,merckmsd
4000,miasta.pl
4001,mil.ac
4002,mil.al
4003,mil.az
4004,mil.ba
4005,mil.bo
4006,mil.eg
4007,mil.fj
4008,mil.ge
4009,mil.gt
4010,mil.hn
4011,mil.in
4012,mil.iq
4013,mil.kg
4014,mil.km
4015,mil.kz
4016,mil.lv
4017,mil.mg
4018,mil.mv
4019,mil.mz
4020,mil.py
4021,mil.rw
4022,mil.sh
4023,mil.sy
4024,mil.tj
4025,mil.tm
4026,mil.to
4027,mil.tr
4028,mil.tw
4029,mil.tz
4030,mil.vc
4031,mincom.tn
4032,mircloud.ru
4033,misato.saitama.jp
4034,miyazaki.miyazaki.jp
4035,mobi.ke
4036,mobi.ng
4037,moka.tochigi.jp
4038,mormon
4039,moto
4040,motorcycles
4041,mup.gov.pl
4042,murata.miyagi.jp
4043,mutsu.aomori.jp
4044,mutual
4045,my-gateway.de
4046,my-vigor.de
4047,my-wan.de
4048,mydissent.net
4049,mymailer.com.tw
4050,mymediapc.net
4051,myshopblocks.com
4052,n.bg
4053,nagareyama.chiba.jp
4054,narita.chiba.jp
4055,nationwide
4056,natura
4057,nba
4058,ne.ke
4059,net.ac
4060,net.af
4061,net.ag
4062,net.ai
4063,net.am
4064,net.az
4065,net.bb
4066,net.bm
4067,net.bt
4068,net.ci
4069,net.cw
4070,net.dm
4071,net.dz
4072,net.fm
4073,net.gl
4074,net.gp
4075,net.gu
4076,net.im
4077,net.is
4078,net.je
4079,net.ky
4080,net.kz
4081,net.lc
4082,net.lk
4083,net.lr
4084,net.ls
4085,net.lv
4086,net.me
4087,net.ms
4088,net.mu
4089,net.mw
4090,net.mz
4091,net.pr
4092,net.ps
4093,net.pt
4094,net.sc
4095,net.sd
4096,net.sh
4097,net.sl
4098,net.so
4099,net.tj
4100,net.tn
4101,net.to
4102,net.uz
4103,net.vc
4104,net.vi
4105,net.vu
4106,net.zm
4107,netbank
4108,newholland
4109,nextdirect
4110,nfl
4111,nic.tj
4112,nic.za
4113,niiza.saitama.jp
4114,nikon
4115,ninomiya.kanagawa.jp
4116,nishiizu.shizuoka.jp
4117,nissay
4118,njs.jelastic.vps-host.net
4119,noda.chiba.jp
4120,nokia
4121,nom.af
4122,nom.im
4123,nom.nu
4124,nom.pw
4125,nom.rs
4126,northwesternmutual
4127,norton
4128,noticias.bo
4129,nov.su
4130,nowruz
4131,nowtv
4132,nt.ro
4133,nym.mx
4134,nym.ro
4135,obama.fukui.jp
4136,odesa.ua
4137,of.football
4138,og.ao
4139,ogliastra.it
4140,oharu.aichi.jp
4141,oiso.kanagawa.jp
4142,okinoshima.shimane.jp
4143,olayan
4144,olayangroup
4145,oldnavy
4146,onna.okinawa.jp
4147,ono.hyogo.jp
4148,onojo.fukuoka.jp
4149,onyourside
4150,onza.mythic-beasts.com
4151,opensocial.site
4152,org.ac
4153,org.ag
4154,org.ai
4155,org.am
4156,org.az
4157,org.bm
4158,org.cu
4159,org.cw
4160,org.dm
4161,org.ee
4162,org.fm
4163,org.gi
4164,org.gl
4165,org.gn
4166,org.gp
4167,org.gu
4168,org.ht
4169,org.iq
4170,org.is
4171,org.je
4172,org.kg
4173,org.ki
4174,org.km
4175,org.kn
4176,org.ky
4177,org.lc
4178,org.mg
4179,org.ml
4180,org.ms
4181,org.mu
4182,org.pf
4183,org.pn
4184,org.pr
4185,org.sb
4186,org.sc
4187,org.sh
4188,org.so
4189,org.st
4190,org.sy
4191,org.tj
4192,org.tm
4193,org.to
4194,org.uz
4195,org.vc
4196,org.vi
4197,origins
4198,oshima.tokyo.jp
4199,otari.nagano.jp
4200,other.nf
4201,otofuke.hokkaido.jp
4202,otsu.shiga.jp
4203,otsuka
4204,ott
4205,paas.hosted-by-previder.com
4206,panel.gg
4207,pars
4208,passagens
4209,pb.leg.br
4210,per.nf
4211,philips
4212,pi.leg.br
4213,ping
4214,pirate
4215,playstation
4216,pnc
4217,pohl
4218,pol.tr
4219,politie
4220,pony.club
4221,pp.az
4222,pramerica
4223,praxi
4224,prof
4225,profesional.bo
4226,progressive
4227,pwc
4228,quest
4229,radio.am
4230,raid
4231,rawa-maz.pl
4232,realm.cz
4233,recife.br
4234,redumbrella
4235,reggio-calabria.it
4236,rel.pl
4237,reliance
4238,rexroth
4239,richardli
4240,riik.ee
4241,rivne.ua
4242,rl.no
4243,rmit
4244,rns.tn
4245,rocher
4246,rogers
4247,rome.it
4248,rs.leg.br
4249,rsvp
4250,s.se
4251,s3.dualstack.eu-west-3.amazonaws.com
4252,saku.nagano.jp
4253,sakura
4254,salvador.br
4255,samsclub
4256,sanjo.niigata.jp
4257,santoandre.br
4258,sasaguri.fukuoka.jp
4259,sc.leg.br
4260,sc.ug
4261,schaeffler
4262,scholarships
4263,science.museum
4264,scjohnson
4265,scrapper-site.net
4266,scrapping.cc
4267,sec.ps
4268,sells-for-u.com
4269,sera.hiroshima.jp
4270,servehumour.com
4271,setagaya.tokyo.jp
4272,sex.pl
4273,shangrila
4274,shell
4275,shia
4276,shibata.niigata.jp
4277,shimokawa.hokkaido.jp
4278,shiwa.iwate.jp
4279,shopware.store
4280,shouji
4281,showtime
4282,shriram
4283,shw.io
4284,sic.it
4285,sicily.it
4286,silk
4287,simple-url.com
4288,skien.no
4289,skin
4290,skoczow.pl
4291,sld.pa
4292,sling
4293,slz.br
4294,smile
4295,sochi.su
4296,soeda.fukuoka.jp
4297,sohu
4298,sphinx.mythic-beasts.com
4299,spreadbetting
4300,ssl.origin.cdn77-secure.org
4301,stada
4302,staples
4303,stcgroup
4304,suginami.tokyo.jp
4305,swatch
4306,swiftcover
4307,synology-diskstation.de
4308,szczytno.pl
4309,t.se
4310,taifun-dns.de
4311,takasaki.gunma.jp
4312,takikawa.hokkaido.jp
4313,talk
4314,tamano.okayama.jp
4315,tanohata.iwate.jp
4316,tas.au
4317,tashkent.su
4318,tatamotors
4319,taxi.br
4320,tc.br
4321,tecnologia.bo
4322,ternopil.ua
4323,teshikaga.hokkaido.jp
4324,teva
4325,theatre
4326,tiaa
4327,tjmaxx
4328,tkmaxx
4329,tmall
4330,toda.saitama.jp
4331,togliatti.su
4332,tos.it
4333,toshima.tokyo.jp
4334,toyohashi.aichi.jp
4335,toyooka.hyogo.jp
4336,travelchannel
4337,travelers
4338,travelersinsurance
4339,tsushima.nagasaki.jp
4340,tula.su
4341,tunes
4342,tunk.org
4343,tuscany.it
4344,tushu
4345,udi.br
4346,unicloud.pl
4347,unicom
4348,uozu.toyama.jp
4349,urayasu.chiba.jp
4350,urown.cloud
4351,vana
4352,ven.it
4353,verisign
4354,versicherung
4355,veterinaire.fr
4356,vic.au
4357,viking
4358,virtualserver.io
4359,viva
4360,vlog.br
4361,vodka
4362,volkswagen
4363,volvo
4364,vpndns.net
4365,vps.mcdir.ru
4366,vuelos
4367,w.se
4368,wafflecell.com
4369,wakayama.wakayama.jp
4370,walter
4371,wanggou
4372,warmia.pl
4373,wassamu.hokkaido.jp
4374,watches
4375,webhop.biz
4376,weibo
4377,west1-us.cloudjiffy.net
4378,winners
4379,wios.gov.pl
4380,witd.gov.pl
4381,wmcloud.org
4382,wolterskluwer
4383,worse-than.tv
4384,writesthisblog.com
4385,wsa.gov.pl
4386,wuoz.gov.pl
4387,www.ro
4388,xbox
4389,xfinity
4390,xihuan
4391,xn--11b4c3d
4392,xn--1ck2e1b
4393,xn--1qqw23a
4394,xn--2scrj9c
4395,xn--30rr7y
4396,xn--3bst00m
4397,xn--3hcrj9c
4398,xn--3oq18vl8pn36a
4399,xn--3pxu8k
4400,xn--45br5cyl
4401,xn--45brj9c
4402,xn--45q11c
4403,xn--4gbrim
4404,xn--55qw42g
4405,xn--55qx5d.hk
4406,xn--55qx5d.xn--j6w193g
4407,xn--5su34j936bgsg
4408,xn--5tzm5g
4409,xn--80aqecdr1a
4410,xn--8y0a063a
4411,xn--90a3ac
4412,xn--90ae
4413,xn--9et52u
4414,xn--9krt00a
4415,xn--b4w605ferd
4416,xn--bck1b9a5dre4c
4417,xn--c2br7g
4418,xn--cck2b3b
4419,xn--cckwcxetd
4420,xn--clchc0ea0b2g2a9gcd
4421,xn--d1alf
4422,xn--e1a4c
4423,xn--eckvdtc9d
4424,xn--efvy88h
4425,xn--fct429k
4426,xn--fhbei
4427,xn--fiq228c5hs
4428,xn--fiq64b
4429,xn--flw351e
4430,xn--fpcrj9c3d
4431,xn--fzc2c9e2c
4432,xn--fzys8d69uvgm
4433,xn--gckr3f0f
4434,xn--gecrj9c
4435,xn--gk3at1e
4436,xn--h2breg3eve
4437,xn--h2brj9c8c
4438,xn--i1b6b1a6a2e
4439,xn--imr513n
4440,xn--io0a7i.cn
4441,xn--j1aef
4442,xn--jlq480n2rg
4443,xn--jlq61u9w7b
4444,xn--jvr189m
4445,xn--kcrx77d1x4a
4446,xn--kprw13d
4447,xn--kpry57d
4448,xn--kput3i
4449,xn--lgbbat1ad8j
4450,xn--mgb9awbf
4451,xn--mgba3a3ejt
4452,xn--mgba3a4f16a
4453,xn--mgba7c0bbn0a
4454,xn--mgbaakc7dvf
4455,xn--mgbah1a3hjkrd
4456,xn--mgbai9azgqp6j
4457,xn--mgbbh1a
4458,xn--mgbbh1a71e
4459,xn--mgbc0a9azcg
4460,xn--mgbca7dzdo
4461,xn--mgberp4a5d4ar
4462,xn--mgbgu82a
4463,xn--mgbi4ecexp
4464,xn--mgbpl2fh
4465,xn--mgbt3dhd
4466,xn--mgbtx2b
4467,xn--mgbx4cd0ab
4468,xn--mix891f
4469,xn--mxtq1m
4470,xn--ngbe9e0a
4471,xn--ngbrx
4472,xn--nqv7f
4473,xn--nqv7fs00ema
4474,xn--nyqy26a
4475,xn--od0alg.cn
4476,xn--ogbpf8fl
4477,xn--otu796d
4478,xn--pgbs0dh
4479,xn--pssy2u
4480,xn--qcka1pmc
4481,xn--qxa6a
4482,xn--rovu88b
4483,xn--rvc1e0am3e
4484,xn--s9brj9c
4485,xn--t60b56a
4486,xn--tckwe
4487,xn--tiq49xqyj
4488,xn--unup4y
4489,xn--vermgensberater-ctb
4490,xn--vermgensberatung-pwb
4491,xn--w4r85el8fhu5dnra
4492,xn--w4rs40l
4493,xn--wgbh1c
4494,xn--xhq521b
4495,xn--xkc2al3hye2a
4496,xn--xkc2dl3a5ee0h
4497,xn--y9a3aq
4498,xn--yfro4i67o
4499,xs4all.space
4500,yabu.hyogo.jp
4501,yachiyo.chiba.jp
4502,yakage.okayama.jp
4503,yamagata.yamagata.jp
4504,yamamoto.miyagi.jp
4505,yamanakako.yamanashi.jp
4506,yamanouchi.nagano.jp
4507,yamaxun
4508,yodobashi
4509,yokote.akita.jp
4510,yorii.saitama.jp
4511,yoshida.shizuoka.jp
4512,yoshikawa.saitama.jp
4513,zappos
4514,zp.gov.pl
4515,zuerich
