Added,Domain
9/1/20,gestor-energetico.com
9/1/20,symptomcorona.com
8/31/20,amazon-covid-reliefcustomer.com
8/31/20,coronacitydirectory.com
8/31/20,covid-1benefit.com
8/31/20,covid-1benefit.com
8/31/20,covid-1benefit.com
8/31/20,covid-1benefit.com
8/31/20,covid-1benefit.com
8/31/20,covid-1benefit.com
8/31/20,variavelambiental.com.br
8/31/20,woelab.tg
8/30/20,andalos-trading.com
8/30/20,fffcupidsbreakdancerbundle.000webhostapp.com
8/30/20,fffreecupidscarandbreakdancerb.000webhostapp.com
8/30/20,lamorenitacomplements.com
8/30/20,manuscript.ge
8/29/20,coronacitydirectory.com
8/29/20,deezdental.com
8/29/20,mathisteels.com
8/29/20,symptomcorona.com
8/29/20,victoriabythebayhomes.com
8/28/20,southwindpestandtermite.com
8/27/20,duetcvxew.com
8/27/20,duetcyvuy.com
8/27/20,securemy-account.com
8/27/20,theglobaldeals.com
8/26/20,academiapregao.com.br
8/26/20,biogreen-ms.com
8/26/20,carmonlaw.co.il
8/26/20,fotodex.ro
8/26/20,globalyouthrecruitment.com
8/25/20,breakshit.com
8/25/20,britishdawn.co.uk
8/25/20,coupleofthingstosee.com
8/25/20,covidchamp.com
8/25/20,fotodex.ro
8/25/20,golazofm.cl
8/25/20,panelpro.biz
8/25/20,pianopartes.com
8/25/20,radioelitetm.com
8/25/20,retailcare.com.au
8/25/20,retailcare.com.au
8/25/20,subscription-billing-uk.com
8/25/20,wandeemaithai.co.th
8/24/20,chidseceure07help.com
8/24/20,recover-membership.com
8/24/20,retailcare.com.au
8/24/20,retailcare.com.au
8/24/20,wristbanddeal.com
8/23/20,covidcare.co.in
8/23/20,hsbc-security-authorise.net
8/23/20,otropuerto.com
8/23/20,rec0veracc0unt.000webhostapp.com
8/21/20,corona-customer-service.com
8/21/20,fbcsw.com
8/20/20,contraparte.mx
8/20/20,covid19.com.tw
8/20/20,cutt.ly
8/20/20,wainoestate.xyz
8/20/20,webcindario.com
8/19/20,3dsecure.uk
8/19/20,boomtrain.com
8/19/20,fb-covidsupport.cf
8/18/20,billing-secured.com
8/18/20,service-account2vl-covid19.giize.com
8/17/20,fb-covidsupport.ml
8/16/20,facecovid.000webhostapp.com
8/16/20,hs-mypayees-remove.com
8/15/20,aggressorecotone.com
8/15/20,netflix-activation.com
8/15/20,opengltummy.com
8/14/20,applestorenetflixpaymentsupdatecovid2020.theworkpc.com
8/14/20,billing-change.co.uk
8/14/20,catboobo.com
8/13/20,drillsnote.xyz
8/13/20,eebilll.com
8/13/20,eye4groups.com
8/13/20,welcon.co.nz
8/12/20,commercialremodelingpearland.com
8/12/20,master-regalo-covid19-jms-user-jms.000webhostapp.com
8/12/20,tarjeta-vi-regalo-promo-covid19-user-jms.000webhostapp.com
8/12/20,update-account-covid19.giize.com
8/11/20,coronaflagfootball.com
8/11/20,id-1005-wells-fargo-mobile.xyz
8/10/20,bedienung-amazon-aktualisiere-date-covid19.theworkpc.com
8/10/20,cajocalf.pt
8/10/20,id-51032-mobile-online-login-wells-fargo-login.xyz
8/10/20,lnstagramcopyrightcovid.com
8/10/20,tortillasketo.com
8/10/20,tortillasketo.com
8/10/20,tortillasketo.com
8/10/20,tortillasketo.com
8/10/20,tortillasketo.com
8/10/20,tortillasketo.com
8/10/20,tortillasketo.com
8/10/20,tortillasketo.com
8/10/20,tortillasketo.com
8/9/20,app-amazon-update-date-covid2020.theworkpc.com
8/9/20,app-corona-confirmation.giize.com
8/9/20,app.link
8/9/20,justns.ru
8/9/20,tortillasketo.com
8/8/20,covid2020.tk
8/8/20,tortillasketo.com
8/7/20,netflix-billing-verify.com
8/7/20,visitatorial-lightn.000webhostapp.com
8/6/20,chaseteamcovid19relieffunds.000webhostapp.com
8/6/20,pp-billing-support.com
8/5/20,account-service-apple-update-covid2020.giize.com
8/5/20,sedgefox.com
8/4/20,amazoncovid-19.000webhostapp.com
8/4/20,habbocorona1.000webhostapp.com
8/4/20,lincoln-pacific.com
8/4/20,loveinthetimeofcovid19.singles
8/4/20,noreplyalertfotupdatescorona.ga
8/4/20,noreplyalertfotupdatescorona.gq
8/4/20,rzf.futbol
8/4/20,rzf.futbol
8/4/20,service-apple-update-date-covid2020.giize.com
8/4/20,stopviruscovidcampaign.000webhostapp.com
8/4/20,unfreeze-account.com
8/4/20,xn--12cbql7g1acd6fzcc2b7jxbze.com
8/3/20,amazon-update-date-covid2020.giize.com
8/3/20,pp-auth.link
8/2/20,blognicovideodb.appspot.com
8/2/20,service-account-amazon-date-covid19.giize.com
8/2/20,forsupportcovidlnstagram.ml
8/2/20,citigroupe.com
8/2/20,covidsurveygma.000webhostapp.com
8/2/20,blognicovideodb.appspot.com
8/2/20,citigroupe.com
8/2/20,covidsurveygma.000webhostapp.com
8/2/20,forsupportcovidlnstagram.ml
8/2/20,service-account-amazon-date-covid19.giize.com
8/1/20,cognitiveclass.ai
8/1/20,secure-server.link
8/1/20,365online-cov19.com
8/1/20,sutorganteng.info
8/1/20,3dsecure.uk
8/1/20,365online-cov19.com
8/1/20,acerbic-gleam.000webhostapp.com
8/1/20,cognitiveclass.ai
8/1/20,covidseasonsloans.com
8/1/20,garden-chapel.org
8/1/20,secure-server.link
8/1/20,service-amazon-update-for-covid2020.giize.com
8/1/20,sutorganteng.info
7/31/20,r3cvryaccsec1.xyz
7/31/20,doctorcesarreynaga.com
7/30/20,dshbrd-signin-coviddata19-info-user.duckdns.org
7/30/20,service-online-covid-pypal.giize.com
7/30/20,covidseasonsloans.com
7/30/20,service-amazon-update-date-covid2020.giize.com
7/30/20,covidseasonsloans.com
7/29/20,365online-covid19.com
7/29/20,account-amazon-update-to-covid2020.giize.com
7/28/20,covid19-stimulus.000webhostapp.com
7/28/20,watania-agriculture.com
7/28/20,jalosettuine.com
7/28/20,dashboard-signedin-scr-covid19-vrf.duckdns.org
7/27/20,hookupsfinder.com
7/27/20,hookupsfinder.com
7/27/20,harvestcovid19relief-funds.com
7/27/20,securityirc-dashboard-covid19-sign-in.duckdns.org
7/26/20,itesrenedescartes.edu.mx
7/26/20,trendsvillemedia.net
7/26/20,trendsvillemedia.net
7/26/20,trendsvillemedia.net
7/26/20,trendsvillemedia.net
7/26/20,trendsvillemedia.net
7/26/20,suitmart.com
7/23/20,tczoegoulwordjx.com
7/23/20,voxkultur.com
7/23/20,voxkultur.com
7/23/20,voxkultur.com
7/23/20,voxkultur.com
7/23/20,synergyglobal.one
7/23/20,ubershelpsa.com
7/23/20,ubershelpsa.com
7/23/20,encuestatesisviruscovid-19.000webhostapp.com
7/22/20,yetehoga.com
7/22/20,santarms.com
7/21/20,mipruebacovid.com
7/21/20,krz.futbol
7/21/20,klaim-pulsa-token-covid19-psbb.000webhostapp.com
7/19/20,komunitascovidbkep19.000webhostapp.com
7/19/20,biitstech.com
7/19/20,dademadedev.com
7/19/20,keynotes-music-mississauga.ca
7/19/20,keynotes-music-mississauga.ca
7/19/20,keynotes-music-mississauga.ca
7/19/20,keynotes-music-mississauga.ca
7/19/20,keynotes-music-mississauga.ca
7/18/20,mrtgwfs.top
7/18/20,service-authloginapwebaqmazonverifycom.theworkpc.com
7/18/20,ihcrc.org
7/18/20,ihcrc.org
7/18/20,updatepaypal-services.com
7/18/20,covidbkep19.000webhostapp.com
7/17/20,fbcovid-19-page.000webhostapp.com
7/17/20,fb-riau-mahasiswa-st2p-positif-covid19.000webhostapp.com
7/17/20,pagecovid-19.000webhostapp.com
7/16/20,coronavirusvote.000webhostapp.com
7/16/20,coronavirusreport.000webhostapp.com
7/16/20,ringmagazin.hu
7/16/20,www-webappauthloginserviceamqzon.gleeze.com
7/16/20,service-amazon-update-for-covid2020.giize.com
7/16/20,whishworks.com
7/15/20,zimbrahostedemail.com
7/15/20,zhuvche.com
7/15/20,zhuvcxnb.com
7/15/20,app-confirmationaccount-covid19.giize.com
7/15/20,database-acc-server-dashboard-onlinusr.duckdns.org
7/14/20,4pu.com
7/14/20,coronavirusantiviralremedy.com
7/14/20,regaswel.shop
7/14/20,cr0lxr0ugec0vld19.com
7/14/20,cr0lxr0ugec0vld19.com
7/14/20,cr0lxr0ugec0vld19.com
7/14/20,cr0lxr0ugec0vld19.com
7/14/20,cr0lxr0ugec0vld19.com
7/14/20,cr0lxr0ugec0vld19.com
7/14/20,cr0lxr0ugec0vld19.com
7/14/20,cr0lxr0ugec0vld19.com
7/14/20,cr0lxr0ugec0vld19.com
7/14/20,sign-in-secure-dashboard-onlicne-portad.duckdns.org
7/13/20,appconfirmationupdatenotificationcovid2020.giize.com
7/13/20,www-webauthserviceaqmazonverify.ooguy.com
7/13/20,copreasxer.gq
7/13/20,uniconet.cloudns.asia
7/13/20,getsonwf.shop
7/13/20,osway.com.br
7/13/20,appconfirmationcovid19.giize.com
7/13/20,chocolateslacolonia.com
7/12/20,pulsa-gratisan-dalam-rangka-covid19.000webhostapp.com
7/12/20,logbysyst3m-rec0veriy-ng0ps4tuh.com
7/12/20,overflowbilliest.com
7/12/20,alertonlinecovid019.ddns.net
7/11/20,chocolateslacolonia.com
7/11/20,hilfez-kontos-account-amazon-covid19.giize.com
7/11/20,outlookvoiceaccess.tk
7/10/20,pulsagratisviruscorona.000webhostapp.com
7/10/20,arabsurverys.com
7/10/20,cmdanews.com
7/10/20,santarms.com
7/10/20,nbxt.ru
7/10/20,tomnredah.gq
7/10/20,ubredaio.cloudns.asia
7/10/20,uubocovid-19hub.com
7/10/20,signin-dashboard-webapi-verifing-protal.duckdns.org
7/9/20,freecupidscarandbreakdancerbundle.000webhostapp.com
7/9/20,vrf-dshbord-covid19.camdvr.org
7/9/20,facerboollk.000webhostapp.com
7/9/20,secure007-covid19updatesq.kozow.com
7/9/20,oroimplante.com.br
7/9/20,oroimplante.com.br
7/9/20,oroimplante.com.br
7/9/20,oroimplante.com.br
7/9/20,oroimplante.com.br
7/9/20,covid19.su
7/9/20,freebreakdancerbundleandcupidscar.000webhostapp.com
7/9/20,rodixlogistics.com.au
7/8/20,covid2019.my.id
7/8/20,account-amazon-update-for-covid19.giize.com
7/8/20,covid-19hr.000webhostapp.com
7/8/20,grouperiviere.fr
7/8/20,freebreakdancerbundlefreefire.000webhostapp.com
7/7/20,mathabhangagovernmentiti.com
7/7/20,dinhatagovernmentiti.com
7/7/20,lcgpolytechnic.org
7/7/20,lcgmemorialsociety.net.in
7/7/20,covid19pcrkit.com
7/7/20,secure001-covid19alertonline3.ooguy.com
7/7/20,secure001-covid19alertonline2.giize.com
7/7/20,statant-ocean.000webhostapp.com
7/6/20,mydancerblogs.000webhostapp.com
7/6/20,moveamxcovid.webcindario.com
7/6/20,coronal-pool.000webhostapp.com
7/6/20,breakdancerbundleandcupidscardff.000webhostapp.com
7/6/20,lamalug.org
7/6/20,netlify.app
7/6/20,wenne.cn
7/5/20,covid-19dn.000webhostapp.com
7/5/20,breakdancerbundleffofiicial.000webhostapp.com
7/5/20,breakdancerbundlefreefureofficial.000webhostapp.com
7/5/20,mydancerblog.000webhostapp.com
7/5/20,querobolsa.com.br
7/4/20,covid19united.000webhostapp.com
7/4/20,alanmcoronado.com
7/4/20,coronaviruss.webcindario.com
7/4/20,billing-details.services
7/4/20,breakdancerbundleandcupid.000webhostapp.com
7/4/20,covid-19an.000webhostapp.com
7/4/20,breakdancerbundleandcupidscarff.000webhostapp.com
7/4/20,app.link
7/4/20,covid19-united.000webhostapp.com
7/3/20,cheriansre.com
7/3/20,cheriansre.com
7/3/20,cheriansre.com
7/3/20,cheriansre.com
7/3/20,cheriansre.com
7/3/20,cheriansre.com
7/3/20,coronafoundation.000webhostapp.com
7/3/20,covid-19ch.000webhostapp.com
7/2/20,covid19relifedatapackage.000webhostapp.com
7/2/20,travelnetdeals.com
7/2/20,covid-19jk.000webhostapp.com
7/2/20,coronaviruscovid-19.today
7/2/20,security-alert-infos01.com
7/2/20,crareliefcerb.com
7/2/20,crareliefcerb.com
7/2/20,crareliefcerb.com
7/2/20,crareliefcerb.com
7/2/20,crareliefcerb.com
7/2/20,crareliefcerb.com
7/2/20,crareliefcerb.com
7/2/20,crareliefcerb.com
7/2/20,wearing-refrigerato.000webhostapp.com
7/2/20,ffcupidscarbreakdancerbundle99.000webhostapp.com
7/1/20,wsoworth.com
7/1/20,covid-19jh.000webhostapp.com
7/1/20,garden-chapel.org
